Q36,Bucket,Q43,Q44,Q45,Q37,Q38,Q4,Q39,Q40,Q41,Q46,Q2,Q3,Q23,Q11,Q18,Q19,Q28,Q32_4,Q35
27,Under 200,Female,48,White,25,3,Yes,Other (Please specify),United States,Other (Please specify),University of Texas--Austin,Yes,Nonequity,28000 ,7,500,1700,Neither satisfied or dissatisfied,,No
100,Under 200,Male,43,White,10,3,Yes,Health Care,Middle East Africa,,Other,Yes,Nonequity,40000 ,20,22.22,2160,Very dissatisfied,,No
500,200-999,Male,75,White,200,30,Yes,Health Care,United States,Other (Please specify),University of Pennsylvania (Carey),Yes,Nonequity,50000 ,10,650,400,Very satisfied,,Yes
25,Under 200,Male,47,Black,10,15,No,Banking,Middle East Africa,,Other,Yes,Nonequity,60000 ,10,50,2000,Very satisfied,,Yes
50,Under 200,Male,50,White,25,10,No,Commercial Contracts,Asia-Pacific,,Harvard University,Yes,Equity,75000 ,10,90,1000,Very dissatisfied,100,Yes
25,Under 200,Male,59,White,2,0,No,Other (Please specify),United States,New York,Other,Yes,Equity,80000 ,30,350,0,Very dissatisfied,0,Yes
250,200-999,Male,51,Prefer not to identify,62,10,No,Energy,United States,Other (Please specify),Other,Yes,Equity,80000 ,15,499,1091,Very dissatisfied,20,Yes
30,Under 200,Male,45,White,5,0,No,Other (Please specify),United States,New York,Other,No,,89000 ,10,0,0,Neither satisfied or dissatisfied,,Yes
40,Under 200,Prefer not to identify,35,Prefer not to identify,12,2,Yes,Transportation,United States,Denver,University of Washington,No,,97000 ,8,175,2000,Somewhat dissatisfied,,No
700,200-999,Male,71,White,350,38,Yes,Transportation,United States,New York,New York University,No,,100000 ,5,550,1200,Very dissatisfied,,No
700,200-999,Male,72,White,350,24,Yes,Transportation,United States,New York,New York University,Yes,Nonequity,100000 ,5,550,1200,Very dissatisfied,,Yes
500,200-999,Male,84,White,100,44,No,Real Estate,United States,Los Angeles,St. John's University,Yes,Nonequity,100000 ,8,925,500,Neither satisfied or dissatisfied,,Yes
30,Under 200,Prefer not to identify,60,Prefer not to identify,20,30,Yes,Trials,United States,Los Angeles,Loyola Marymount University,No,,104000 ,5,500,2080,Very dissatisfied,,No
500,200-999,Female,40,White,300,5,No,Employment,United States,Minneapolis,University of Minnesota,Yes,Nonequity,109000 ,8,435,1400,Somewhat dissatisfied,,No
70,Under 200,Male,75,Hispanic,40,40,Yes,Tax,United States,"Washington, DC",Cornell University,No,,110000 ,7,400,1000,Neither satisfied or dissatisfied,,Yes
25,Under 200,Male,43,White,15,2,No,Other (Please specify),United States,Other (Please specify),University of Cincinnati,No,,115000 ,7,260,1100,Somewhat dissatisfied,,No
150,Under 200,Female,71,White,70,8,No,Personal Injury,United States,Other (Please specify),Other,Yes,Nonequity,115000 ,12,175,1800,Very dissatisfied,,Yes
180,Under 200,Male,37,White,120,0,No,Real Estate,United States,Other (Please specify),University of Wisconsin--Madison,Yes,Nonequity,116000 ,7,235,0,Somewhat satisfied,,Yes
150,Under 200,Male,37,White,80,1,No,Medical Malpractice,United States,Other (Please specify),University of Pittsburgh,Yes,Nonequity,120000 ,7,200,2100,Somewhat satisfied,,Yes
62,Under 200,Male,53,White,28,9,No,Bankruptcy,United States,Detroit,University of Michigan--Ann Arbor,Yes,Equity,121500 ,8,340,1850,Neither satisfied or dissatisfied,0,Yes
152,Under 200,Female,46,White,75,2,Yes,Transportation,United States,Other (Please specify),Other,Yes,Nonequity,127500 ,7,241,1500,Very satisfied,,Yes
40,Under 200,Male,35,Asian,25,2,Yes,Commercial Contracts,United States,Other (Please specify),University of Hawaii--Manoa (Richardson),Yes,Equity,130000 ,7,350,1900,Very dissatisfied,0,Yes
150,Under 200,Male,64,White,75,2,No,Insurance,United States,Los Angeles,Other,Yes,Nonequity,135000 ,6,205,2080,Somewhat satisfied,,No
290,200-999,Male,64,White,250,20,Yes,Other (Please specify),Western Europe,,Other,Yes,Nonequity,140000 ,7,625,1000,Somewhat satisfied,,Yes
1500,1000 or more,Prefer not to identify,40,Prefer not to identify,400,4,No,General Litigation,United States,Los Angeles,University of San Diego,Yes,Nonequity,140000 ,7,225,2100,Neither satisfied or dissatisfied,,Yes
180,Under 200,Male,45,White,110,2,No,General Litigation,United States,Charlotte,Other,Yes,Equity,142000 ,10,160,2000,Somewhat dissatisfied,5,No
25,Under 200,Male,56,White,20,2,No,Tax,Middle East Africa,,Other,Yes,Nonequity,145000 ,20,800,2000,Very dissatisfied,,No
150,Under 200,Male,42,White,80,1,Yes,General Litigation,United States,Other (Please specify),University of Notre Dame,Yes,Nonequity,147000 ,8,285,2000,Somewhat dissatisfied,,Yes
100,Under 200,Prefer not to identify,50,White,20,5,Yes,Transportation,Central/Eastern Europe,,Other,Yes,Equity,150000 ,10,475,3000,Somewhat dissatisfied,15,Yes
124,Under 200,Male,54,White,70,1,Yes,Insurance,United States,Other (Please specify),University of Illinois--Urbana - Champaign,Yes,Equity,150000 ,9,165,1800,Very dissatisfied,0,Yes
25,Under 200,Female,40,White,4,1,No,Energy,United States,Other (Please specify),Other,No,,150000 ,15,250,1900,Somewhat dissatisfied,,Yes
45,Under 200,Male,63,White,30,28,Yes,Intellectual Property,United States,Other (Please specify),Columbia University,Yes,Nonequity,150000 ,7,450,1200,Somewhat dissatisfied,,Yes
50,Under 200,Female,53,White,11,10,No,Intellectual Property,Central/Eastern Europe,,Other,No,,150000 ,10,350,900,Somewhat satisfied,,Yes
250,200-999,Male,60,White,180,17,No,Commercial Contracts,United States,Other (Please specify),University of Buffalo (SUNY),Yes,Nonequity,150000 ,10,450,980,Neither satisfied or dissatisfied,,Yes
25,Under 200,Male,42,Native Hawaiian or Pacific Islander,6,2,No,Other (Please specify),United States,Other (Please specify),Brigham Young University (Clark),No,,155000 ,8.5,450,2100,Somewhat satisfied,,Yes
450,200-999,Male,67,White,300,3,Yes,Mergers & Acquisitions,United States,Chicago,Other,Yes,Nonequity,158000 ,10,595,950,Very dissatisfied,,Yes
26,Under 200,Male,46,Prefer not to identify,10,8,No,General Litigation,United States,Other (Please specify),University of Tennessee--Knoxville,Yes,Nonequity,162000 ,7,250,1950,Somewhat satisfied,,Yes
25,Under 200,Male,34,Hispanic,3,1,No,Banking,United States,Other (Please specify),Columbia University,Yes,Nonequity,165000 ,10,125,3000,Somewhat dissatisfied,,Yes
80,Under 200,Female,63,White,30,8,No,Environmental,United States,Other (Please specify),Other,Yes,Nonequity,167000 ,10,410,1000,Somewhat dissatisfied,,Yes
200,200-999,Female,50,White,100,6,Yes,Employment,United States,Other (Please specify),University of Florida (Levin),Yes,Nonequity,167500 ,8,520,1626,Somewhat satisfied,,Yes
110,Under 200,Female,33,White,65,1,No,Employment,United States,Philadelphia,Temple University (Beasley),Yes,Nonequity,170000 ,8,370,1700,Somewhat dissatisfied,,No
400,200-999,Female,33,Mixed race,257,2,Yes,General Litigation,United States,New York,Harvard University,Yes,Nonequity,170000 ,7,250,1850,Somewhat dissatisfied,,No
200,200-999,Female,47,White,120,5,Yes,General Litigation,United States,Other (Please specify),University of Texas--Austin,Yes,Nonequity,170000 ,10,350,2100,Somewhat dissatisfied,,Yes
130,Under 200,Male,42,White,85,5,No,Environmental,United States,New York,"Rutgers, The State University of New Jersey",Yes,Nonequity,172500 ,9,375,1560,Very dissatisfied,,Yes
900,200-999,Female,35,White,250,1,No,Insurance,United States,Chicago,Other,Yes,Nonequity,175000 ,7,350,2025,Somewhat dissatisfied,,Yes
100,Under 200,Female,49,White,83,1,No,Employment,United States,Dallas,Other,No,,175000 ,7,450,1500,Somewhat satisfied,,No
30,Under 200,Male,44,White,20,6,No,General Litigation,United States,"Washington, DC",Georgetown University,Yes,Nonequity,175000 ,10,525,800,Somewhat dissatisfied,,No
300,200-999,Female,39,Asian,200,1,Yes,Health Care,United States,Other (Please specify),University of Kansas,Yes,Nonequity,175000 ,7,425,1000,Neither satisfied or dissatisfied,,Yes
500,200-999,Male,58,White,225,7,No,Appellate,United States,Miami,University of Florida (Levin),Yes,Nonequity,176000 ,7,280,1980,Somewhat dissatisfied,,Yes
100,Under 200,Male,38,White,53,4,Yes,General Litigation,United States,Boston,Other,Yes,Nonequity,177000 ,8,330,1500,Very satisfied,,Yes
550,200-999,Male,38,White,200,3,Yes,Environmental,United States,Other (Please specify),Other,Yes,Nonequity,177500 ,10,425,1640,Somewhat satisfied,,Yes
110,Under 200,Female,64,White,50,3,Yes,Real Estate,United States,Other (Please specify),University of Tennessee--Knoxville,Yes,Equity,180000 ,7,285,1400,Neither satisfied or dissatisfied,15,Yes
220,200-999,Male,54,Asian,12,4,No,Appellate,Asia-Pacific,,Washington University in St. Louis,Yes,Equity,180000 ,12,85,1600,Somewhat satisfied,0,No
540,200-999,Male,76,White,200,16,Yes,Environmental,United States,San Francisco,Indiana University--Bloomington (Maurer),Yes,Nonequity,180000 ,9,830,500,Very satisfied,,Yes
180,Under 200,Female,36,White,100,1,No,Employment,United States,Other (Please specify),Other,Yes,Nonequity,180000 ,7,300,1950,Neither satisfied or dissatisfied,,Yes
25,Under 200,Male,48,White,20%,8,No,Tax,United States,Other (Please specify),University of Alabama,Yes,Equity,180000 ,16,335,1250,Somewhat dissatisfied,10,Yes
200,200-999,Female,54,White,100,5,Yes,Employment,United States,Other (Please specify),University of Pennsylvania (Carey),Yes,Nonequity,180000 ,10,450,2500,Very satisfied,,Yes
40,Under 200,Male,33,White,30,1,No,Other (Please specify),United States,Chicago,Other,Yes,Nonequity,180000 ,7,375,2300,Somewhat satisfied,,Yes
1100,1000 or more,Female,36,White,600,1,No,General Litigation,United States,Other (Please specify),Other,Yes,Nonequity,186000 ,9,380,1200,Somewhat dissatisfied,,No
30,Under 200,Male,37,White,16,1,No,Employment,United States,Other (Please specify),Other,Yes,Nonequity,187000 ,8,325,1950,Somewhat satisfied,,Yes
180,Under 200,Female,40,White,60,5,Yes,Bankruptcy,United States,Other (Please specify),University of Richmond,No,,190000 ,8,470,1600,Somewhat dissatisfied,,Yes
615,200-999,Female,54,White,295,13,No,Employment,United States,Other (Please specify),Indiana University--Bloomington (Maurer),Yes,Nonequity,190000 ,10,500,1800,Somewhat satisfied,,Yes
25,Under 200,Male,42,White,10,8,No,Insurance,United States,Other (Please specify),Other,Yes,Equity,190000 ,8,175,1900,Somewhat satisfied,5,Yes
38,Under 200,Male,64,White,21,27,No,Employment,United States,Other (Please specify),Other,Yes,Equity,190000 ,10,200,1500,Neither satisfied or dissatisfied,5,Yes
112,Under 200,Male,57,White,63,6,Yes,Insurance,United States,Other (Please specify),University of Florida (Levin),No,,190000 ,8,225,2300,Somewhat dissatisfied,,Yes
150,Under 200,Female,45,White,100,4,No,Trials,United States,Miami,George Washington University,No,,190000 ,8,470,1000,Somewhat dissatisfied,,No
31,Under 200,Male,58,Prefer not to identify,19,10,No,Personal Injury,United States,New York,Fordham University,No,,195000 ,8,170,2200,Somewhat dissatisfied,,Yes
200,200-999,Female,47,White,110,10,No,General Litigation,United States,Other (Please specify),Other,Yes,Nonequity,196000 ,10,250,1900,Somewhat satisfied,,Yes
150,Under 200,Male,50,Hispanic,25,2,Yes,General Litigation,United States,Miami,University of Florida (Levin),Yes,Nonequity,200000 ,10,500,1797,Somewhat satisfied,,No
400,200-999,Female,37,Asian,250,1,No,Real Estate,United States,Other (Please specify),Other,Yes,Nonequity,200000 ,7,325,1800,Somewhat satisfied,,No
300,200-999,Female,32,Prefer not to identify,100,3,No,White Collar,United States,New York,George Washington University,Yes,Nonequity,200000 ,8,150,2500,Somewhat satisfied,,Yes
150,Under 200,Prefer not to identify,37,Prefer not to identify,25,1,No,General Litigation,Western Europe,,Other,Yes,Nonequity,200000 ,10,850,1400,Neither satisfied or dissatisfied,,Yes
1000,1000 or more,Prefer not to identify,47,White,400,8,Yes,International Trade,Western Europe,,Other,Yes,Nonequity,200000 ,10,700,700,Neither satisfied or dissatisfied,,Yes
450,200-999,Female,55,Prefer not to identify,63,6,No,Bankruptcy,Western Europe,,Other,Yes,Equity,200000 ,10,600,1500,Very satisfied,80,Yes
45,Under 200,Male,69,White,35,5,Yes,Employment,United States,Other (Please specify),Other,No,,200000 ,5.5,425,1050,Somewhat satisfied,,Yes
1400,1000 or more,Female,55,White,500,1,Yes,Real Estate,United States,Los Angeles,Other,Yes,Nonequity,200000 ,7,500,1700,Neither satisfied or dissatisfied,,No
180,Under 200,Female,67,White,140,37,Yes,Employment,United States,Phoenix,Other,Yes,Nonequity,200000 ,9,465,1400,Very satisfied,,Yes
30,Under 200,Female,39,Prefer not to identify,5,1,Yes,General Litigation,United States,Miami,Ohio State University (Moritz),Yes,Nonequity,200000 ,10,400,2000,Somewhat satisfied,,Yes
1500,1000 or more,Male,40,White,800,3,No,Personal Injury,United States,Other (Please specify),Other,Yes,Nonequity,200000 ,7,250,2100,Somewhat satisfied,,Yes
1500,1000 or more,Female,55,White,700,2,Yes,Securities,United States,Los Angeles,Other,Yes,Nonequity,200000 ,7,550,1700,Very dissatisfied,,No
45,Under 200,Male,45,White,25,10,No,General Litigation,United States,Dallas,University of Texas--Austin,Yes,Nonequity,200000 ,8,550,1800,Very dissatisfied,,No
180,Under 200,Male,37,White,114,3,No,Intellectual Property,United States,Other (Please specify),"Rutgers, The State University of New Jersey",Yes,Nonequity,200000 ,8,400,1800,Neither satisfied or dissatisfied,,Yes
1200,1000 or more,Male,55,White,700,10,No,General Litigation,United States,Los Angeles,Other,Yes,Nonequity,210000 ,8,215,2150,Somewhat dissatisfied,,Yes
29,Under 200,Female,48,White,23,6,Yes,Other (Please specify),United States,Other (Please specify),Other,Yes,Nonequity,210000 ,10,210,2000,Somewhat dissatisfied,,Yes
25,Under 200,Female,43,White,15,3,Yes,General Litigation,United States,Other (Please specify),Ohio State University (Moritz),Yes,Nonequity,210000 ,8,375,1650,Neither satisfied or dissatisfied,,Yes
35,Under 200,Female,45,Prefer not to identify,25,2,Yes,Real Estate,United States,Houston,University of Houston,Yes,Equity,210000 ,20,350,2350,Very dissatisfied,10,Yes
100,Under 200,Male,46,White,80,3,Yes,General Litigation,United States,Chicago,Other,Yes,Nonequity,210000 ,7,400,1600,Somewhat dissatisfied,,No
900,200-999,Male,62,White,425,15,Yes,Real Estate,United States,Other (Please specify),Other,Yes,Nonequity,215000 ,8,590,1310,Somewhat dissatisfied,,No
180,Under 200,Male,38,White,120,3,No,Environmental,United States,Philadelphia,"Rutgers, The State University of New Jersey",Yes,Nonequity,215000 ,9,400,2000,Somewhat dissatisfied,,Yes
120,Under 200,Male,61,Black,70,1,Yes,White Collar,United States,New York,Northwestern University (Pritzker),Yes,Nonequity,215000 ,8,575,1500,Neither satisfied or dissatisfied,,Yes
25,Under 200,Male,61,White,12,15,No,Health Care,United States,Detroit,Michigan State University,Yes,Equity,215250 ,10,400,2020,Somewhat satisfied,0,Yes
100,Under 200,Female,69,White,30,15,Yes,Real Estate,United States,New York,Other,Yes,Nonequity,220000 ,12,450,1450,Somewhat dissatisfied,,No
600,200-999,Female,43,Black,260,5,No,Employment,United States,Other (Please specify),Ohio State University (Moritz),Yes,Equity,220000 ,9,410,1300,Very satisfied,4.5,Yes
1000,1000 or more,Male,51,Black,450,13,No,Employment,United States,Houston,University of Michigan--Ann Arbor,Yes,Nonequity,220000 ,8,515,1551,Very dissatisfied,,Yes
900,200-999,Male,36,White,350,1,No,Employment,United States,Other (Please specify),Seton Hall University,Yes,Nonequity,220000 ,10,435,2000,Somewhat satisfied,,Yes
75,Under 200,Male,59,White,30,15,No,General Litigation,United States,Houston,Other,Yes,Nonequity,220000 ,6,250,1650,Somewhat satisfied,,Yes
26,Under 200,Male,35,White,10,2,No,Employment,United States,New York,Other,No,,220000 ,10,425,1846,Somewhat dissatisfied,,Yes
300,200-999,Male,54,White,156,16,Yes,Other (Please specify),United States,Other (Please specify),Vanderbilt University,Yes,Equity,225000 ,6,425,1900,Very dissatisfied,22.5,No
200,200-999,Female,43,White,100,5,Yes,Product Liability,United States,Other (Please specify),Other,Yes,Nonequity,225000 ,7,415,2200,Neither satisfied or dissatisfied,,Yes
400,200-999,Male,40,White,250,1,No,Employment,United States,Miami,University of Miami,Yes,Nonequity,225000 ,10,450,1900,Somewhat satisfied,,No
30,Under 200,Male,38,White,13,2,No,Government Contracts,United States,Chicago,Illinois Institute of Technology (Chicago - Kent),Yes,Equity,225000 ,9,220,2100,Somewhat dissatisfied,2,Yes
85,Under 200,Female,42,White,45,3,No,Medical Malpractice,United States,Denver,University of Denver (Sturm),Yes,Nonequity,230000 ,7,350,2142,Very satisfied,,Yes
400,200-999,Male,39,White,150,3,No,Project Finance,United States,New York,Seton Hall University,Yes,Nonequity,230000 ,10,490,1675,Somewhat satisfied,,Yes
200,200-999,Female,53,Asian,85,2,Yes,Employment,United States,Los Angeles,Other,Yes,Nonequity,231000 ,8,400,1850,Somewhat satisfied,,Yes
80,Under 200,Male,58,White,45,11,No,Real Estate,United States,New York,Pennsylvania State University--University Park,Yes,Nonequity,235000 ,8,425,1600,Somewhat dissatisfied,,Yes
450,200-999,Male,50,White,200,8,No,Other (Please specify),United States,Other (Please specify),University of Wisconsin--Madison,Yes,Nonequity,235000 ,7,350,1500,Somewhat dissatisfied,,Yes
500,200-999,Male,52,Hispanic,50,10,No,Other (Please specify),United States,Other (Please specify),Florida State University,Yes,Nonequity,235000 ,10,350,2000,Somewhat dissatisfied,,Yes
1300,1000 or more,Male,50,White,800,4,Yes,General Litigation,United States,Other (Please specify),Other,Yes,Nonequity,235000 ,8,300,2300,Neither satisfied or dissatisfied,,No
180,Under 200,Female,59,Mixed race,80,24,Yes,Securities,United States,Los Angeles,Pepperdine University (Caruso),No,,235000 ,7,300,1750,Neither satisfied or dissatisfied,,Yes
1500,1000 or more,Female,43,White,750,6,Yes,Product Liability,United States,Seattle,Other,Yes,Nonequity,240000 ,8,275,2100,Somewhat satisfied,,No
200,200-999,Male,55,White,80,22,Yes,Real Estate,United States,Other (Please specify),Saint Louis University,Yes,Nonequity,240000 ,8,525,1500,Somewhat dissatisfied,,No
135,Under 200,Female,48,White,50,2,Yes,Insurance,United States,Los Angeles,Other,Yes,Nonequity,240000 ,7,255,1850,Somewhat satisfied,,Yes
1000,1000 or more,Male,37,Prefer not to identify,350,2,No,Cybersecurity & Privacy,United States,Chicago,Other,Yes,Nonequity,240000 ,9,500,1800,Somewhat dissatisfied,,Yes
900,200-999,Female,64,White,30%,15,Yes,General Litigation,United States,Chicago,Other,Yes,Nonequity,240000 ,10,245,1800,Somewhat satisfied,,Yes
160,Under 200,Male,54,White,74,11,No,General Litigation,United States,Other (Please specify),"Rutgers, The State University of New Jersey",Yes,Nonequity,240000 ,9,625,1125,Somewhat dissatisfied,,No
350,200-999,Female,52,Asian,200,10,No,Trials,United States,Miami,Other,No,,245000 ,5,150,2800,Somewhat dissatisfied,,No
2000,1000 or more,Female,59,White,1200,4,No,Other (Please specify),United States,Miami,Other,No,,245000 ,8,725,1100,Somewhat satisfied,,Yes
27,Under 200,Female,53,White,5,25,No,Other (Please specify),United States,Other (Please specify),University of South Carolina,No,,245000 ,10,350,1700,Somewhat satisfied,,Yes
916,200-999,Female,43,White,394,9,No,Employment,United States,Other (Please specify),New York University,Yes,Nonequity,246000 ,9,445,1925,Very dissatisfied,,Yes
975,200-999,Male,40,White,300,8,No,Class Action,United States,Other (Please specify),Harvard University,Yes,Nonequity,249000 ,9,475,2013,Neither satisfied or dissatisfied,,Yes
200,200-999,Male,63,White,100,35,Yes,Media & Entertainment,United States,Miami,University of Florida (Levin),Yes,Nonequity,250000 ,10,865,1000,Neither satisfied or dissatisfied,,No
1300,1000 or more,Male,50,White,800,4,Yes,General Litigation,United States,Detroit,Other,Yes,Nonequity,250000 ,8,350,2200,Somewhat satisfied,,Yes
160,Under 200,Male,63,White,50,25,No,Mergers & Acquisitions,United States,New York,New York University,Yes,Equity,250000 ,9,625,1200,Somewhat satisfied,10,Yes
150,Under 200,Female,43,White,80,1,Yes,White Collar,United States,Atlanta,Emory University,Yes,Nonequity,250000 ,9,400,0,Very satisfied,,No
30,Under 200,Male,37,White,10,2,No,General Litigation,United States,Houston,Other,Yes,Equity,250000 ,10,290,2000,Neither satisfied or dissatisfied,0,No
400,200-999,Male,39,White,250,5,Yes,Insurance,United States,New York,Georgetown University,Yes,Nonequity,250000 ,8,250,2100,Somewhat satisfied,,Yes
301,200-999,Female,35,White,150,4,Yes,General Litigation,United States,Minneapolis,University of Minnesota,Yes,Nonequity,250000 ,9,395,1800,Somewhat satisfied,,Yes
150,Under 200,Male,70,White,40,30,Yes,Government Contracts,United States,Philadelphia,University of Pittsburgh,Yes,Equity,250000 ,8,425,1000,Somewhat dissatisfied,5,Yes
200,200-999,Male,63,White,100,34,Yes,General Litigation,United States,Miami,University of Florida (Levin),Yes,Nonequity,250000 ,15,865,800,Very dissatisfied,,No
200,200-999,Female,60,White,70,20,Yes,Other (Please specify),United States,Philadelphia,Villanova University,Yes,Nonequity,260000 ,10,510,1300,Neither satisfied or dissatisfied,,Yes
220,200-999,Male,42,White,130,7,Yes,General Litigation,United States,Other (Please specify),Other,Yes,Nonequity,260000 ,8,635,1500,Somewhat satisfied,,No
250,200-999,Male,63,White,200,30,Yes,Trials,United States,Other (Please specify),University of Maryland (Carey),Yes,Nonequity,260000 ,8,535,2200,Somewhat satisfied,,Yes
500,200-999,Male,36,White,275,2,No,General Litigation,United States,Other (Please specify),University of Missouri,Yes,Nonequity,260000 ,7.5,550,1950,Somewhat satisfied,,Yes
400,200-999,Male,34,White,200,2,No,Bankruptcy,United States,Chicago,Illinois Institute of Technology (Chicago - Kent),Yes,Nonequity,260000 ,8,480,1800,Very dissatisfied,,Yes
250,200-999,Female,48,White,180,2,Yes,Insurance,United States,Los Angeles,University of California--Los Angeles,Yes,Equity,260000 ,8,735,800,Neither satisfied or dissatisfied,5,No
247,200-999,Female,38,Mixed race,145,4,No,General Litigation,United States,Detroit,University of Michigan--Ann Arbor,Yes,Nonequity,263625 ,9,575,1747,Somewhat satisfied,,Yes
522,200-999,Male,56,White,315,4,No,Intellectual Property,United States,Minneapolis,University of Minnesota,Yes,Nonequity,267750 ,7,630,1378,Somewhat dissatisfied,,No
1000,1000 or more,Female,44,White,350,2,No,White Collar,Western Europe,,Other,Yes,Nonequity,268000 ,12,772,1200,Somewhat dissatisfied,,No
70,Under 200,Male,62,White,40,1,No,Mergers & Acquisitions,United States,Minneapolis,Other,No,,270000 ,5,400,1300,Somewhat satisfied,,Yes
25,Under 200,Female,34,Hispanic,5,2,No,Trials,United States,Miami,Florida International University,Yes,Equity,270000 ,10,450,2200,Somewhat satisfied,60,No
170,Under 200,Male,51,White,80,21,No,Government Contracts,United States,San Francisco,University of California (Hastings),Yes,Nonequity,270000 ,9,600,1520,Neither satisfied or dissatisfied,,Yes
500,200-999,Male,69,White,200,40,Yes,General Litigation,United States,Phoenix,University of Arizona (Rodgers),Yes,Nonequity,275000 ,8,550,1400,Somewhat satisfied,,Yes
1400,1000 or more,Male,48,White,800,1,Yes,Other (Please specify),United States,Other (Please specify),University of North Carolina--Chapel Hill,Yes,Nonequity,275000 ,8,600,1200,Somewhat satisfied,,Yes
100,Under 200,Male,38,White,40,3,Yes,Personal Injury,United States,Other (Please specify),Saint Louis University,Yes,Equity,275000 ,10,250,2100,Very satisfied,0,Yes
160,Under 200,Female,60,White,50,1,Yes,White Collar,United States,Chicago,Brooklyn Law School,Yes,Nonequity,275000 ,10,600,150,Somewhat satisfied,,Yes
475,200-999,Male,69,White,225,38,Yes,General Litigation,United States,Phoenix,University of Arizona (Rodgers),Yes,Nonequity,275000 ,8,550,1500,Somewhat satisfied,,Yes
175,Under 200,Male,38,White,60,1,Yes,Environmental,United States,Seattle,Other,Yes,Equity,275000 ,7,440,1700,Somewhat satisfied,6,Yes
300,200-999,Male,48,Prefer not to identify,130,11,No,Real Estate,United States,Other (Please specify),Other,Yes,Nonequity,275000 ,10,555,1600,Somewhat satisfied,,Yes
65,Under 200,Male,64,White,34,11,Yes,Insurance,United States,San Francisco,University of California (Hastings),Yes,Nonequity,277000 ,9,450,1660,Somewhat satisfied,,Yes
300,200-999,Prefer not to identify,60,Prefer not to identify,150,6,No,Intellectual Property,United States,Charlotte,University of North Carolina--Chapel Hill,Yes,Nonequity,280000 ,8,525,1500,Somewhat satisfied,,Yes
40,Under 200,Male,48,White,20,7,Yes,Insurance,United States,Chicago,Other,Yes,Nonequity,280000 ,9,350,2000,Neither satisfied or dissatisfied,,Yes
225,200-999,Male,46,White,120,5,Yes,Intellectual Property,United States,Chicago,Loyola University Chicago,Yes,Nonequity,280000 ,8,565,1350,Somewhat dissatisfied,,Yes
250,200-999,Male,59,Hispanic,200,5,Yes,Other (Please specify),United States,Other (Please specify),Florida State University,Yes,Equity,285000 ,8,535,1250,Somewhat dissatisfied,25,No
170,Under 200,Female,45,White,130,8,Yes,General Litigation,United States,Chicago,University of Chicago,Yes,Nonequity,285000 ,8,595,2200,Very satisfied,,Yes
200,200-999,Female,46,White,75,5,No,Bankruptcy,United States,Philadelphia,Georgetown University,Yes,Nonequity,285000 ,12,565,600,Somewhat satisfied,,Yes
120,Under 200,Male,55,White,40,3,No,Product Liability,United States,Los Angeles,Other,Yes,Nonequity,287000 ,9,400,2075,Very satisfied,,Yes
29,Under 200,Male,60,Black,12,3,Yes,Technology,United States,Houston,Duke University,Yes,Nonequity,287525 ,5,500,582,Neither satisfied or dissatisfied,,Yes
250,200-999,Male,57,Prefer not to identify,125,2,No,Other (Please specify),United States,Atlanta,Emory University,Yes,Nonequity,290000 ,9,540,1700,Very dissatisfied,,Yes
500,200-999,Female,36,Prefer not to identify,100,3,No,Insurance,United States,Miami,Other,No,,290000 ,5,200,2300,Very satisfied,,Yes
900,200-999,Male,48,White,400,4,No,Employment,United States,Boston,Boston University,Yes,Nonequity,290000 ,10,540,1700,Somewhat dissatisfied,,Yes
50,Under 200,Male,40,White,30,3,No,Real Estate,United States,Atlanta,Other,Yes,Nonequity,290000 ,6,150,2000,Neither satisfied or dissatisfied,,No
150,Under 200,Male,49,Prefer not to identify,60,9,No,Aerospace & Defense,United States,Philadelphia,Temple University (Beasley),Yes,Equity,295000 ,9,400,1800,Very dissatisfied,10,No
275,200-999,Male,41,Prefer not to identify,135,0,No,General Litigation,United States,Dallas,Other,Yes,Nonequity,295000 ,10,495,1800,Somewhat dissatisfied,,No
155,Under 200,Male,61,White,96,29,No,Environmental,United States,Other (Please specify),Washington University in St. Louis,No,,298000 ,7.5,495,340,Very satisfied,,Yes
900,200-999,Female,44,White,350,9,No,Employment,United States,Chicago,Other,Yes,Nonequity,300000 ,9,550,1850,Somewhat dissatisfied,,Yes
1500,1000 or more,Prefer not to identify,48,White,400,3,Yes,Bankruptcy,Western Europe,,Georgetown University,Yes,Nonequity,300000 ,9,800,1400,Very dissatisfied,,No
180,Under 200,Male,56,White,60,5,No,Insurance,United States,Boston,Columbia University,Yes,Equity,300000 ,10,350,2300,Very dissatisfied,10,Yes
2400,1000 or more,Female,53,White,800,9,No,Employment,United States,Philadelphia,Temple University (Beasley),Yes,Equity,300000 ,9,650,2011,Somewhat satisfied,12,Yes
500,200-999,Male,55,White,180,18,Yes,International Arbitration,Western Europe,,Other,Yes,Equity,300000 ,10,780,1100,Somewhat satisfied,50,Yes
140,Under 200,Male,74,White,90,34,Yes,Other (Please specify),United States,San Francisco,University of California--Berkeley,Yes,Nonequity,300000 ,8,820,1600,Very satisfied,,Yes
40,Under 200,Male,49,White,5,5,No,Transportation,United States,New York,William & Mary Law School,No,,300000 ,5,350,2500,Neither satisfied or dissatisfied,,Yes
30,Under 200,Prefer not to identify,49,Prefer not to identify,15,13,No,Employment,United States,Other (Please specify),Emory University,Yes,Equity,300000 ,8,375,1600,Somewhat satisfied,0,Yes
150,Under 200,Male,36,White,80,5,No,Banking,United States,Detroit,Other,Yes,Equity,300000 ,7,300,2200,Somewhat satisfied,5,Yes
150,Under 200,Female,68,White,90,37,Yes,Employment,United States,Other (Please specify),Villanova University,Yes,Nonequity,300000 ,7,450,1800,Somewhat satisfied,,Yes
160,Under 200,Male,42,White,80,4,Yes,Real Estate,United States,Other (Please specify),Other,Yes,Equity,300000 ,10,500,1150,Somewhat dissatisfied,5,Yes
1350,1000 or more,Female,50,Black,800,12,No,Employment,United States,Miami,Harvard University,Yes,Nonequity,300000 ,9,600,1200,Neither satisfied or dissatisfied,,No
280,200-999,Male,44,Prefer not to identify,85,5,Yes,Appellate,United States,Los Angeles,Emory University,Yes,Nonequity,300000 ,10,750,1600,Somewhat dissatisfied,,Yes
500,200-999,Male,35,White,40,4,No,Cybersecurity & Privacy,United States,New York,Northwestern University (Pritzker),Yes,Equity,300000 ,12,625,2000,Very dissatisfied,0,No
50,Under 200,Female,40,White,30,7,Yes,Intellectual Property,United States,Detroit,University of Nevada--Las Vegas,Yes,Nonequity,300000 ,5,360,1800,Somewhat satisfied,,No
50,Under 200,Female,40,Mixed race,30,1,No,Other (Please specify),United States,San Francisco,Georgetown University,Yes,Nonequity,300000 ,10,525,1900,Somewhat satisfied,,Yes
26,Under 200,Male,60,White,5,25,No,Personal Injury,United States,Denver,University of Colorado--Boulder,Yes,Equity,300000 ,5,500,1900,Somewhat dissatisfied,100,Yes
180,Under 200,Male,58,White,80,5,No,Employment,United States,Los Angeles,Other,Yes,Nonequity,310000 ,8,625,1800,Somewhat satisfied,,Yes
1300,1000 or more,Female,45,White,700,2,No,Trials,United States,Boston,American University (Washington),Yes,Nonequity,313000 ,8,650,1800,Somewhat satisfied,,No
170,Under 200,Female,46,White,66,12,No,Employment,United States,Seattle,University of California--Davis,Yes,Equity,313000 ,9,600,1500,Somewhat satisfied,8,Yes
500,200-999,Female,57,White,200,20,Yes,Other (Please specify),United States,Other (Please specify),University of Pittsburgh,Yes,Equity,315000 ,10,600,1200,Very dissatisfied,30,Yes
140,Under 200,Male,60,White,85,12,Yes,Intellectual Property,United States,Boston,Other,Yes,Equity,315000 ,10,645,1300,Somewhat dissatisfied,7,No
175,Under 200,Male,43,White,91,9,Yes,Banking,United States,Other (Please specify),Other,Yes,Equity,315000 ,7,325,1890,Very satisfied,3,Yes
400,200-999,Male,37,White,200,4,Yes,Class Action,United States,Chicago,University of Chicago,Yes,Nonequity,315000 ,8,795,1900,Somewhat satisfied,,Yes
373,200-999,Female,51,White,250,18,Yes,Employment,United States,Other (Please specify),University of Florida (Levin),Yes,Equity,315000 ,12,495,1000,Somewhat dissatisfied,25,No
145,Under 200,Male,57,Asian,76,3,Yes,Cybersecurity & Privacy,United States,Other (Please specify),Case Western Reserve University,Yes,Nonequity,320000 ,9,555,1740,Very dissatisfied,,No
605,200-999,Male,44,White,360,8,Yes,Employment,United States,Other (Please specify),University of Cincinnati,Yes,Equity,320000 ,8,490,1750,Somewhat satisfied,5,Yes
9500,1000 or more,Female,42,White,6500,1,No,Real Estate,United States,Atlanta,University of Georgia,Yes,Nonequity,320000 ,9,540,2200,Somewhat satisfied,,Yes
1600,1000 or more,Female,42,White,800,8,Yes,Other (Please specify),United States,"Washington, DC",American University (Washington),Yes,Nonequity,320000 ,8,895,1200,Very dissatisfied,,No
3500,1000 or more,Male,45,Prefer not to identify,1200,3,No,Other (Please specify),Middle East Africa,,Other,Yes,Equity,320000 ,7,730,1000,Somewhat dissatisfied,,No
33,Under 200,Male,47,White,18,23,Yes,Employment,United States,Other (Please specify),Duke University,No,,320000 ,7,325,2100,Somewhat satisfied,,Yes
26,Under 200,Male,52,Asian,12,1,No,Immigration,United States,New York,Fordham University,Yes,Nonequity,320000 ,10,495,1650,Somewhat satisfied,,Yes
1600,1000 or more,Female,43,White,900,10,No,Benefits,United States,Seattle,Cornell University,Yes,Nonequity,324000 ,8,560,1560,Somewhat satisfied,,Yes
100,Under 200,Prefer not to identify,56,Prefer not to identify,44,18,No,Environmental,United States,Other (Please specify),University of California--Davis,Yes,Equity,325000 ,8,415,1365,Somewhat satisfied,0,Yes
170,200-999,Male,64,White,68,9,Yes,Other (Please specify),United States,Seattle,Other,Yes,Equity,325000 ,7,640,1150,Somewhat satisfied,0,Yes
900,200-999,Female,69,White,350,33,No,Employment,United States,Chicago,Other,Yes,Nonequity,325000 ,8,725,1300,Somewhat dissatisfied,,Yes
290,200-999,Female,44,White,130,7,No,Mergers & Acquisitions,United States,Other (Please specify),Baylor University,Yes,Equity,325000 ,8,575,1170,Somewhat dissatisfied,8.33,Yes
600,200-999,Female,52,Asian,300,12,Yes,Benefits,United States,San Francisco,Other,Yes,Nonequity,325000 ,10,875,1000,Somewhat dissatisfied,,Yes
210,200-999,Female,40,White,90,4,No,General Litigation,United States,Philadelphia,Temple University (Beasley),Yes,Nonequity,330000 ,9,525,800,Somewhat satisfied,,Yes
250,200-999,Male,44,White,160,3,Yes,Government Contracts,United States,"Washington, DC",University of California--Los Angeles,Yes,Nonequity,330000 ,8,625,1400,Neither satisfied or dissatisfied,,No
33,Under 200,Male,68,White,30,30,No,Health Care,United States,Other (Please specify),Florida State University,No,,330000 ,5,400,1400,Somewhat dissatisfied,,Yes
900,200-999,Male,46,White,400,6,No,Employment,United States,Los Angeles,University of Illinois--Urbana - Champaign,Yes,Nonequity,333500 ,10,580,1650,Somewhat dissatisfied,,Yes
1600,1000 or more,Male,40,White,450,5,Yes,General Litigation,Western Europe,,Other,Yes,Nonequity,335000 ,10,800,1600,Somewhat dissatisfied,,Yes
2500,1000 or more,Male,64,White,460,32,Yes,Transportation,Middle East Africa,,Other,Yes,Equity,340000 ,7,320,1600,Somewhat dissatisfied,6.7,Yes
99,Under 200,Male,71,White,60,20,Yes,Insurance,United States,Chicago,Other,Yes,Nonequity,340000 ,7,560,1500,Somewhat satisfied,,Yes
800,200-999,Male,34,White,500,2,No,Capital Markets,United States,Atlanta,Other,Yes,Nonequity,342500 ,7,485,2650,Very dissatisfied,,Yes
550,200-999,Male,52,White,225,13,No,Commercial Contracts,United States,Other (Please specify),Other,Yes,Equity,345000 ,9,590,800,Somewhat dissatisfied,0.1,No
45,Under 200,Male,43,White,30,1,No,Other (Please specify),United States,"Washington, DC","Rutgers, The State University of New Jersey",Yes,Nonequity,345000 ,7,400,2150,Somewhat satisfied,,Yes
1200,1000 or more,Female,57,Hispanic,300,15,Yes,Other (Please specify),United States,Miami,Columbia University,Yes,Nonequity,350000 ,8,690,1350,Somewhat satisfied,,Yes
1700,1000 or more,Female,53,White,900,13,Yes,Other (Please specify),United States,"Washington, DC",University of Iowa,Yes,Nonequity,350000 ,10,600,1280,Very dissatisfied,,No
230,200-999,Male,61,White,130,27,No,Tax,United States,"Washington, DC",Villanova University,Yes,Nonequity,350000 ,8,975,600,Very satisfied,,Yes
150,Under 200,Male,59,White,80,20,Yes,Other (Please specify),United States,Other (Please specify),Pepperdine University (Caruso),Yes,Equity,350000 ,8,375,1500,Very satisfied,0,Yes
800,200-999,Female,49,White,500,4,Yes,Real Estate,United States,"Washington, DC",Loyola University Chicago,Yes,Nonequity,350000 ,10,565,1650,Very dissatisfied,,No
205,200-999,Male,53,White,86,11,No,General Litigation,United States,Los Angeles,University of Minnesota,No,,350000 ,10,625,1500,Somewhat dissatisfied,,Yes
700,200-999,Male,41,White,300,3,No,Tax,United States,"Washington, DC",Yeshiva University (Cardozo),Yes,Nonequity,350000 ,9,905,1500,Neither satisfied or dissatisfied,,Yes
800,200-999,Male,43,White,500,5,Yes,Intellectual Property,United States,Dallas,University of Nebraska--Lincoln,Yes,Nonequity,350000 ,7,740,1950,Neither satisfied or dissatisfied,,Yes
240,200-999,Male,46,White,180,4,Yes,Intellectual Property,United States,Detroit,Case Western Reserve University,Yes,Equity,350000 ,7,465,1480,Very satisfied,60,Yes
1600,1000 or more,Female,53,White,900,20,Yes,Other (Please specify),United States,"Washington, DC",University of Iowa,Yes,Nonequity,350000 ,12,600,1300,Very dissatisfied,,No
495,200-999,Female,60,White,100,25,Yes,Employment,United States,Boston,George Washington University,Yes,Nonequity,355000 ,10,700,1500,Somewhat dissatisfied,,Yes
900,200-999,Male,47,White,300,12,Yes,Employment,United States,Boston,Cornell University,Yes,Nonequity,355000 ,9,660,1650,Somewhat satisfied,,Yes
800,200-999,Male,39,White,350,5,No,Tax,United States,Atlanta,Emory University,Yes,Nonequity,360000 ,8,820,1600,Neither satisfied or dissatisfied,,Yes
60,Under 200,Male,52,White,25,5,No,Environmental,United States,Atlanta,Georgetown University,Yes,Equity,360000 ,15,350,1500,Very satisfied,0,Yes
25,Under 200,Male,45,White,7,7,No,Class Action,United States,Philadelphia,"Rutgers, The State University of New Jersey",Yes,Equity,360000 ,9,725,2200,Somewhat satisfied,15,Yes
75,Under 200,Prefer not to identify,59,Prefer not to identify,40,25,Yes,Bankruptcy,United States,Philadelphia,Brooklyn Law School,Yes,Equity,365000 ,8,710,1400,Somewhat dissatisfied,3,No
26,Under 200,Male,61,White,4,12,Yes,General Litigation,United States,New York,Other,No,,365000 ,10,450,2000,Somewhat satisfied,,Yes
500,200-999,Male,47,White,325,5,No,Intellectual Property,United States,Atlanta,University of North Carolina--Chapel Hill,Yes,Nonequity,370000 ,10,645,1600,Somewhat dissatisfied,,No
90,Under 200,Female,54,White,28,9,No,Intellectual Property,United States,Other (Please specify),Other,Yes,Equity,374000 ,6,520,1500,Somewhat dissatisfied,100,Yes
1200,1000 or more,Male,54,Asian,700,15,No,Real Estate,United States,"Washington, DC",University of California--Berkeley,Yes,Nonequity,375000 ,9,750,1500,Somewhat satisfied,,Yes
1050,1000 or more,Male,47,White,650,8,No,Banking,United States,Chicago,Duke University,Yes,Nonequity,375000 ,9,850,1450,Somewhat dissatisfied,,Yes
700,200-999,Male,48,White,300,12,Yes,Employment,United States,Miami,University of Cincinnati,Yes,Nonequity,375000 ,10,625,1800,Somewhat satisfied,,Yes
1300,1000 or more,Male,60,White,800,21,Yes,Intellectual Property,United States,"Washington, DC",William & Mary Law School,Yes,Nonequity,375000 ,10,700,1500,Somewhat satisfied,,Yes
170,Under 200,Male,55,White,100,3,Yes,General Litigation,North America (non-U.S.),,University of Michigan--Ann Arbor,Yes,Nonequity,375000 ,6,590,1100,Somewhat dissatisfied,,No
700,200-999,Male,50,White,350,21,No,Intellectual Property,United States,Other (Please specify),"Rutgers, The State University of New Jersey",Yes,Equity,375000 ,7,645,1300,Very satisfied,20,Yes
525,200-999,Male,37,White,300,5,No,Bankruptcy,United States,Other (Please specify),Other,Yes,Equity,375000 ,7,375,2402,Somewhat satisfied,10,Yes
950,200-999,Male,44,White,400,6,No,Employment,United States,"Washington, DC",George Mason University,Yes,Nonequity,375000 ,12,600,1900,Somewhat dissatisfied,,Yes
1200,1000 or more,Female,51,White,800,9,No,General Litigation,United States,Atlanta,Tulane University,Yes,Nonequity,375000 ,8,725,1300,Somewhat satisfied,,Yes
250,200-999,Male,67,White,100,6,Yes,Environmental,United States,Other (Please specify),Other,Yes,Equity,375000 ,9,490,1100,Somewhat dissatisfied,20,Yes
26,Under 200,Prefer not to identify,48,Hispanic,10,5,No,Mergers & Acquisitions,United States,Other (Please specify),University of Texas--Austin,Yes,Nonequity,375000 ,7,115,3000,Somewhat satisfied,,Yes
450,200-999,Female,41,Asian,60,4,No,Media & Entertainment,United States,Los Angeles,Boston University,Yes,Nonequity,375000 ,10,800,1240,Somewhat dissatisfied,,Yes
1600,1000 or more,Female,36,White,900,2,No,Employment,United States,Los Angeles,University of California--Los Angeles,Yes,Nonequity,375000 ,7,965,2300,Somewhat dissatisfied,,No
750,200-999,Female,60,White,210,3,Yes,Securities,United States,Philadelphia,Villanova University,Yes,Equity,375000 ,6,660,1400,Somewhat satisfied,0,Yes
150,Under 200,Male,55,White,100,30,Yes,Intellectual Property,United States,Chicago,University of Michigan--Ann Arbor,Yes,Nonequity,375000 ,9,580,1400,Neither satisfied or dissatisfied,,Yes
700,200-999,Female,50,White,250,7,Yes,General Litigation,United States,New York,Boston University,Yes,Equity,375000 ,11,940,900,Very dissatisfied,0,No
735,200-999,Male,39,White,270,6,No,White Collar,United States,"Washington, DC",Georgetown University,Yes,Equity,380900 ,9,1035,2435,Somewhat dissatisfied,28,Yes
70,Under 200,Male,69,White,30,2,Yes,Capital Markets,United States,New York,"Rutgers, The State University of New Jersey",No,,385000 ,10,810,2000,Somewhat dissatisfied,,Yes
800,200-999,Male,49,White,500,16,No,Commercial Contracts,United States,Philadelphia,Villanova University,Yes,Nonequity,390000 ,8,875,1625,Neither satisfied or dissatisfied,,Yes
600,200-999,Male,42,White,300,5,No,Employment,United States,New York,William & Mary Law School,Yes,Nonequity,390000 ,10,710,1400,Somewhat dissatisfied,,Yes
356,200-999,Prefer not to identify,44,White,148,3,Yes,Banking,United States,Denver,Washington University in St. Louis,Yes,Nonequity,395000 ,7,715,1750,Somewhat dissatisfied,,Yes
950,200-999,Female,44,White,400,8,No,Employment,United States,Other (Please specify),New York University,Yes,Equity,400000 ,10,465,1795,Somewhat satisfied,3,Yes
275,200-999,Male,55,White,200,25,Yes,Intellectual Property,United States,Chicago,Indiana University--Bloomington (Maurer),No,,400000 ,0,500,1300,Somewhat satisfied,,Yes
2000,1000 or more,Male,55,White,800,25,Yes,Mergers & Acquisitions,Western Europe,,Other,Yes,Equity,400000 ,10,650,2000,Somewhat dissatisfied,20,Yes
1500,1000 or more,Male,42,White,700,3,No,Real Estate,United States,Other (Please specify),Other,Yes,Nonequity,400000 ,10,630,2000,Somewhat satisfied,,No
120,Under 200,Male,67,White,30,8,Yes,Medical Malpractice,United States,Other (Please specify),Vanderbilt University,Yes,Equity,400000 ,8,190,1900,Very satisfied,0,Yes
140,Under 200,Female,40,Mixed race,136,4,No,Trials,United States,Other (Please specify),Southern Methodist University (Dedman),Yes,Nonequity,400000 ,8,855,2100,Somewhat dissatisfied,,No
390,200-999,Female,54,White,200,10,Yes,Cybersecurity & Privacy,United States,Boston,Boston University,Yes,Nonequity,400000 ,9,815,1600,Somewhat dissatisfied,,No
50,Under 200,Male,32,White,40,2,No,Energy,United States,Other (Please specify),Baylor University,Yes,Equity,400000 ,5,500,2000,Somewhat satisfied,5,Yes
80,Under 200,Female,50,White,20,4,No,Other (Please specify),United States,Chicago,Other,Yes,Nonequity,400000 ,8,800,1400,Somewhat dissatisfied,,Yes
30,Under 200,Male,54,White,17,20,No,Employment,United States,Chicago,Northwestern University (Pritzker),Yes,Equity,400000 ,7,400,1600,Neither satisfied or dissatisfied,5,Yes
350,200-999,Male,85,White,80,13,No,Commercial Contracts,United States,San Francisco,University of California (Hastings),Yes,Nonequity,400000 ,7,250,2000,Somewhat satisfied,,Yes
35,Under 200,Male,61,White,15,23,Yes,Other (Please specify),United States,Other (Please specify),Other,Yes,Equity,400000 ,7,375,1500,Somewhat dissatisfied,0.5,Yes
1000,1000 or more,Female,40,Mixed race,400,5,No,Technology,United States,"Washington, DC","Rutgers, The State University of New Jersey",Yes,Nonequity,400000 ,10,650,1900,Neither satisfied or dissatisfied,,No
300,200-999,Male,63,White,200,20,No,Tax,United States,Other (Please specify),Other,Yes,Equity,400000 ,10,525,1400,Somewhat dissatisfied,100,Yes
600,200-999,Male,79,White,400,45,Yes,Mergers & Acquisitions,United States,Other (Please specify),Indiana University--Bloomington (Maurer),Yes,Nonequity,400000 ,8,680,800,Very satisfied,,Yes
4000,1000 or more,Male,37,Mixed race,600,2,Yes,Mergers & Acquisitions,Western Europe,,Other,Yes,Nonequity,400000 ,8,935,1869,Very dissatisfied,,Yes
35,Under 200,Male,40,White,18,5,Yes,Environmental,United States,San Francisco,University of California--Berkeley,Yes,Equity,400000 ,5,500,1500,Neither satisfied or dissatisfied,0,No
180,Under 200,Male,54,White,90,8,Yes,Personal Injury,United States,Other (Please specify),Villanova University,Yes,Equity,400000 ,8,525,1600,Somewhat satisfied,5,Yes
400,200-999,Female,51,White,150,5,Yes,Capital Markets,United States,Los Angeles,Pepperdine University (Caruso),Yes,Nonequity,400000 ,9,815,1500,Very dissatisfied,,Yes
100,Under 200,Male,52,White,38,20,Yes,Product Liability,United States,Denver,University of Georgia,Yes,Equity,405000 ,7,450,1950,Very satisfied,1.5,Yes
1000,1000 or more,Female,42,White,750,2,No,Health Care,United States,Denver,Other,Yes,Nonequity,405000 ,10,720,2142,Somewhat satisfied,,No
750,200-999,Male,39,White,250,6,No,White Collar,United States,"Washington, DC",Georgetown University,Yes,Equity,410000 ,10,1065,2435,Somewhat satisfied,28,Yes
3000,1000 or more,Female,38,White,350,2,Yes,Banking,United States,"Washington, DC",George Washington University,Yes,Nonequity,410000 ,15,790,800,Very dissatisfied,,No
500,200-999,Male,47,White,325,5,No,Intellectual Property,United States,Atlanta,University of North Carolina--Chapel Hill,Yes,Nonequity,410000 ,11,645,1700,Somewhat dissatisfied,,No
1500,1000 or more,Male,40,White,700,4,No,Other (Please specify),United States,Dallas,Southern Methodist University (Dedman),Yes,Nonequity,415000 ,9,850,1400,Very dissatisfied,,Yes
700,200-999,Female,45,Hispanic,230,14,Yes,Employment,United States,New York,Northwestern University (Pritzker),Yes,Nonequity,416000 ,8,625,1850,Somewhat satisfied,,No
987,200-999,Female,41,Black,426,5,No,Intellectual Property,United States,Atlanta,Georgetown University,Yes,Equity,420000 ,10,620,1990,Very dissatisfied,30,No
295,200-999,Female,57,White,125,18,No,General Litigation,United States,Other (Please specify),Other,Yes,Equity,420000 ,6,315,1900,Somewhat satisfied,0,Yes
92,Under 200,Male,48,White,47,12,No,Employment,United States,Other (Please specify),Other,Yes,Equity,420000 ,8,365,2100,Very satisfied,0,Yes
110,Under 200,Male,60,White,21,27,No,Insurance,United States,Los Angeles,University of California (Hastings),Yes,Equity,423000 ,7,275,2100,Somewhat satisfied,0,Yes
700,200-999,Male,63,White,225,25,No,General Litigation,United States,Charlotte,University of North Carolina--Chapel Hill,Yes,Equity,425000 ,8,755,1000,Very satisfied,31,Yes
145,Under 200,Male,44,Asian,45,10,No,Insurance,United States,New York,Seton Hall University,Yes,Equity,425000 ,8,275,2150,Very satisfied,5,Yes
700,200-999,Female,46,Hispanic,500,2,Yes,Employment,United States,Los Angeles,Georgetown University,No,,425000 ,9,750,2000,Somewhat dissatisfied,,Yes
550,200-999,Male,51,White,240,18,No,General Litigation,United States,Other (Please specify),Washington and Lee University,Yes,Equity,425000 ,8,610,1250,Somewhat satisfied,1,Yes
900,200-999,Prefer not to identify,51,White,400,12,Yes,Employment,United States,New York,Tulane University,Yes,Equity,430000 ,8,640,2003,Somewhat dissatisfied,15,Yes
600,200-999,Male,43,White,180,9,Yes,White Collar,United States,New York,University of Pennsylvania (Carey),Yes,Nonequity,435000 ,12,990,1700,Somewhat dissatisfied,,Yes
975,200-999,Male,49,Mixed race,400,10,Yes,Real Estate,United States,Dallas,Southern Methodist University (Dedman),Yes,Equity,437000 ,9,530,1300,Very satisfied,5,Yes
555,200-999,Male,65,White,222,13,Yes,Environmental,United States,Other (Please specify),Other,Yes,Equity,444444 ,10,474,300,Very dissatisfied,0,Yes
221,200-999,Male,55,White,89,20,No,General Litigation,United States,Other (Please specify),Boston College,Yes,Equity,450000 ,8,540,1850,Somewhat satisfied,0,Yes
160,Under 200,Female,57,Prefer not to identify,100,10,No,Other (Please specify),United States,Other (Please specify),Other,Yes,Equity,450000 ,15,650,1500,Neither satisfied or dissatisfied,0,Yes
218,200-999,Male,59,White,73,17,No,General Litigation,United States,Los Angeles,University of California--Davis,Yes,Equity,450000 ,12,650,1800,Very dissatisfied,44,No
400,200-999,Female,47,White,170,12,No,Other (Please specify),United States,Other (Please specify),Lewis & Clark College (Northwestern),Yes,Equity,450000 ,8,595,1789,Somewhat satisfied,5,Yes
300,200-999,Male,44,White,180,8,No,Environmental,United States,Other (Please specify),University of Maryland (Carey),Yes,Equity,450000 ,10,460,1750,Somewhat satisfied,2,Yes
875,200-999,Male,64,White,500,22,Yes,Intellectual Property,United States,Philadelphia,Other,Yes,Equity,450000 ,8,690,1500,Somewhat satisfied,10,Yes
2000,1000 or more,Male,65,White,1100,45,No,General Litigation,United States,Miami,George Washington University,Yes,Equity,450000 ,9,1200,900,Neither satisfied or dissatisfied,70,Yes
175,Under 200,Prefer not to identify,56,Asian,45,20,No,General Litigation,Asia-Pacific,,Other,Yes,Equity,450000 ,10,500,1200,Somewhat satisfied,50,Yes
950,200-999,Male,55,White,450,19,No,Employment,United States,Other (Please specify),Vanderbilt University,Yes,Equity,450000 ,8,525,1915,Somewhat satisfied,,Yes
750,200-999,Male,59,White,400,24,No,Trials,United States,New York,Other,Yes,Equity,450000 ,6,500,1500,Very satisfied,10,Yes
209,200-999,Male,55,White,89,20,No,General Litigation,United States,Other (Please specify),Boston College,Yes,Equity,450000 ,8,540,1850,Somewhat satisfied,0,Yes
230,200-999,Male,44,White,100,5,Yes,White Collar,United States,Other (Please specify),Other,Yes,Equity,450000 ,7,500,1650,Very satisfied,15,No
230,200-999,Male,54,White,100,2,Yes,Intellectual Property,United States,Other (Please specify),Illinois Institute of Technology (Chicago - Kent),Yes,Equity,450000 ,8,625,1100,Somewhat satisfied,45,Yes
1300,1000 or more,Male,52,White,600,16,No,Transportation,United States,New York,Tulane University,Yes,Equity,450000 ,9,750,1100,Somewhat dissatisfied,33,Yes
200,200-999,Male,54,White,40,16,Yes,Tax,United States,San Francisco,University of California--Davis,Yes,Nonequity,450000 ,9,900,1700,Neither satisfied or dissatisfied,,Yes
900,200-999,Female,54,White,450,9,No,Benefits,United States,Other (Please specify),Loyola University Chicago,Yes,Equity,450000 ,10,590,1500,Very satisfied,15,Yes
950,200-999,Male,60,White,380,28,Yes,Employment,United States,Other (Please specify),Cornell University,Yes,Equity,450000 ,8,525,1980,Somewhat satisfied,5,Yes
71,Under 200,Male,57,Hispanic,35,23,No,Appellate,United States,Miami,Harvard University,Yes,Equity,450000 ,9,375,1450,Somewhat satisfied,,Yes
95,Under 200,Male,64,White,50,30,No,Tax,United States,Other (Please specify),New York University,Yes,Equity,450000 ,7,640,1600,Neither satisfied or dissatisfied,2.5,Yes
53,Under 200,Male,52,Mixed race,25,15,Yes,Transportation,United States,"Washington, DC",Temple University (Beasley),Yes,Equity,450000 ,10,675,1960,Very satisfied,3,Yes
230,200-999,Male,64,White,145,17,Yes,Insurance,United States,Philadelphia,University of Pennsylvania (Carey),Yes,Equity,455000 ,7,500,1165,Very satisfied,10,No
1000,1000 or more,Male,57,White,200,26,Yes,Other (Please specify),Western Europe,,Other,Yes,Equity,455000 ,8,1000,1000,Somewhat satisfied,75,Yes
25,Under 200,Male,46,White,18,9,No,Employment,United States,Los Angeles,Other,Yes,Equity,460000 ,8,550,1520,Somewhat dissatisfied,0,Yes
1800,1000 or more,Male,85,White,800,8,No,Class Action,United States,San Francisco,University of Michigan--Ann Arbor,Yes,Nonequity,460000 ,8,1050,1800,Very dissatisfied,,Yes
275,200-999,Male,52,White,120,16,Yes,Employment,United States,Other (Please specify),New York University,Yes,Equity,463000 ,9,455,1705,Somewhat satisfied,0,Yes
120,Under 200,Male,42,White,80,2,Yes,Intellectual Property,United States,Houston,University of Denver (Sturm),Yes,Nonequity,470000 ,7,460,1800,Very satisfied,,Yes
140,Under 200,Female,62,White,52,8,No,Tax,United States,Other (Please specify),University of Oregon,Yes,Equity,470000 ,9,575,1750,Very satisfied,5,Yes
1000,1000 or more,Male,51,White,400,15,No,Real Estate,United States,Atlanta,Emory University,Yes,Nonequity,470000 ,8,820,1754,Somewhat dissatisfied,,Yes
900,200-999,Male,64,White,325,22,Yes,Securities,United States,Other (Please specify),Other,Yes,Equity,475000 ,8,325,1870,Somewhat dissatisfied,5,Yes
700,200-999,Male,61,White,275,30,Yes,General Litigation,United States,Other (Please specify),Other,Yes,Equity,475000 ,9,865,1400,Somewhat satisfied,3.5,Yes
675,200-999,Male,40,White,250,4,Yes,Other (Please specify),United States,Chicago,Loyola University Chicago,Yes,Nonequity,475000 ,8,790,1700,Very satisfied,,Yes
275,200-999,Male,56,White,125,16,Yes,Bankruptcy,United States,Other (Please specify),Florida State University,Yes,Equity,479000 ,8,550,1800,Somewhat satisfied,0,Yes
95,Under 200,Female,44,White,50,12,No,Intellectual Property,United States,Minneapolis,New York University,Yes,Equity,480000 ,8,645,1800,Somewhat satisfied,0,Yes
1000,1000 or more,Male,55,Asian,500,5,No,Intellectual Property,United States,"Washington, DC",University of New Hampshire,Yes,Nonequity,480000 ,6,1050,1950,Somewhat satisfied,,No
170,Under 200,Female,39,White,42,4,No,General Litigation,United States,New York,Emory University,Yes,Equity,500000 ,8,940,2350,Very dissatisfied,5,Yes
110,Under 200,Female,60,White,34,6,Yes,Tax,United States,Other (Please specify),Columbia University,Yes,Equity,500000 ,7,390,1650,Very satisfied,22,Yes
650,200-999,Male,39,Asian,300,6,No,Real Estate,United States,Chicago,Loyola University Chicago,Yes,Nonequity,500000 ,8,790,2100,Somewhat satisfied,,No
101,Under 200,Female,42,Prefer not to identify,20,10,No,Intellectual Property,United States,Chicago,University of Illinois--Urbana - Champaign,Yes,Nonequity,500000 ,8,680,2000,Neither satisfied or dissatisfied,,Yes
800,200-999,Female,40,Prefer not to identify,500,5,No,White Collar,United States,Other (Please specify),Other,Yes,Nonequity,500000 ,10,825,1950,Somewhat satisfied,,No
400,200-999,Male,45,White,150,11,No,General Litigation,United States,"Washington, DC",Vanderbilt University,Yes,Equity,500000 ,9,795,1800,Somewhat satisfied,30,Yes
2000,1000 or more,Male,41,White,800,7,No,Media & Entertainment,United States,Other (Please specify),University of San Diego,Yes,Equity,500000 ,10,650,1800,Somewhat satisfied,2,Yes
230,200-999,Prefer not to identify,49,Prefer not to identify,85,14,No,General Litigation,United States,New York,Other,Yes,Equity,500000 ,8,400,1900,Neither satisfied or dissatisfied,5,No
80,Under 200,Female,49,Black,30,10,No,Commercial Contracts,United States,Houston,Baylor University,Yes,Nonequity,500000 ,8,575,2000,Somewhat satisfied,,Yes
120,Under 200,Male,35,White,44,3,No,Intellectual Property,United States,"Washington, DC",American University (Washington),Yes,Nonequity,500000 ,8,560,2050,Neither satisfied or dissatisfied,,Yes
1000,1000 or more,Prefer not to identify,36,Prefer not to identify,300,1,Yes,International Trade,Asia-Pacific,,Other,Yes,Equity,500000 ,10,750,1700,Somewhat satisfied,0,No
26,Under 200,Nonbinary,59,Prefer not to identify,23,30,Yes,Mergers & Acquisitions,United States,Other (Please specify),New York University,No,,500000 ,7,350,1600,Very satisfied,,Yes
200,200-999,Male,40,White,20,3,Yes,Asset Management,Western Europe,,Other,Yes,Equity,500000 ,10,500,1500,Somewhat satisfied,10,No
800,200-999,Male,40,White,400,8,No,General Litigation,United States,New York,New York University,Yes,Nonequity,500000 ,8,1100,2050,Somewhat satisfied,,No
2000,1000 or more,Prefer not to identify,40,White,500,7,No,Project Finance,United States,Chicago,Harvard University,Yes,Nonequity,500000 ,7.5,1100,1900,Somewhat satisfied,,Yes
1100,1000 or more,Male,43,White,430,9,No,Health Care,United States,Atlanta,University of Georgia,Yes,Nonequity,505000 ,9,915,2030,Very dissatisfied,,Yes
350,200-999,Male,40,White,115,7,No,Capital Markets,Western Europe,,Other,Yes,Equity,506388 ,12,715,1400,Very dissatisfied,20,Yes
1100,1000 or more,Female,39,White,600,4.5,No,Health Care,United States,Boston,Boston University,Yes,Nonequity,510000 ,6,1175,2400,Somewhat satisfied,,No
750,200-999,Male,67,White,225,15,No,Commercial Contracts,United States,Philadelphia,Georgetown University,Yes,Equity,510000 ,10,595,1875,Very satisfied,0,Yes
140,Under 200,Male,58,White,65,20,Yes,Real Estate,United States,Other (Please specify),Indiana University--Bloomington (Maurer),Yes,Equity,510000 ,7,385,2050,Somewhat satisfied,5,Yes
275,200-999,Male,54,White,274,15,Yes,Tax,United States,"Washington, DC",American University (Washington),No,,520000 ,0,650,1200,Very satisfied,,Yes
240,200-999,Female,52,White,85,19,No,General Litigation,United States,"Washington, DC",Other,Yes,Equity,525000 ,9,555,1800,Somewhat dissatisfied,20,No
1275,1000 or more,Male,50,Hispanic,750,12,No,General Litigation,United States,Miami,Other,Yes,Nonequity,525000 ,9,725,1750,Somewhat satisfied,,Yes
900,200-999,Male,44,Asian,300,8,No,Intellectual Property,United States,"Washington, DC",Northwestern University (Pritzker),No,,530000 ,8,995,1850,Very dissatisfied,,No
850,200-999,Male,62,White,300,17,Yes,Mergers & Acquisitions,United States,New York,Georgetown University,Yes,Equity,535000 ,8,1120,950,Somewhat satisfied,6,Yes
900,200-999,Male,41,White,350,6,No,Intellectual Property,United States,Chicago,University of Notre Dame,Yes,Nonequity,536000 ,8,940,1900,Somewhat satisfied,,Yes
600,200-999,Male,68,White,250,18,Yes,Employment,United States,Denver,University of North Carolina--Chapel Hill,Yes,Equity,540000 ,10,760,1400,Somewhat satisfied,8,Yes
900,200-999,Male,58,White,400,19,Yes,Mergers & Acquisitions,United States,Denver,University of Kansas,Yes,Equity,550000 ,8,640,1600,Somewhat satisfied,28,Yes
300,200-999,Male,39,White,90,5,No,Employment,United States,Chicago,Illinois Institute of Technology (Chicago - Kent),Yes,Equity,550000 ,9,635,1925,Somewhat satisfied,40,Yes
150,Under 200,Female,50,White,110,8,No,Capital Markets,United States,Other (Please specify),New York University,Yes,Equity,550000 ,8,600,2200,Very dissatisfied,100,Yes
1000,1000 or more,Female,56,White,490,20,No,Other (Please specify),United States,Atlanta,University of Wisconsin--Madison,Yes,Nonequity,550000 ,9,0,0,Somewhat satisfied,,Yes
2000,1000 or more,Male,43,White,750,6,No,General Litigation,United States,Chicago,Indiana University--Bloomington (Maurer),Yes,Nonequity,550000 ,10,850,2000,Neither satisfied or dissatisfied,,Yes
1100,1000 or more,Male,43,Asian,400,6,No,Government Contracts,United States,"Washington, DC",Loyola University Chicago,Yes,Nonequity,550000 ,7,1075,2100,Somewhat dissatisfied,,Yes
93,Under 200,Male,60,White,39,22,Yes,Commercial Contracts,United States,New York,Boston University,Yes,Equity,550000 ,10,695,750,Very satisfied,0,Yes
170,Under 200,Male,53,White,70,15,No,Private Equity,United States,San Francisco,University of Houston,Yes,Equity,550000 ,9,730,1300,Somewhat dissatisfied,20,No
400,200-999,Female,59,White,175,27,Yes,Environmental,United States,New York,University of Connecticut,Yes,Equity,550000 ,9,605,1200,Somewhat satisfied,3,Yes
50,Under 200,Male,58,White,20,3,Yes,Bankruptcy,United States,Boston,Other,Yes,Equity,550000 ,8,525,1900,Very satisfied,80,Yes
30,Under 200,Male,47,White,5,7,No,Tax,United States,Other (Please specify),Baylor University,Yes,Equity,550000 ,8,190,800,Somewhat satisfied,2.5,Yes
1800,1000 or more,Male,52,Hispanic,600,5,Yes,Other (Please specify),Latin America,,Other,Yes,Equity,550000 ,10,400,1400,Somewhat satisfied,20,No
710,200-999,Female,56,White,360,11,Yes,White Collar,United States,Other (Please specify),Other,Yes,Equity,550000 ,8,700,1100,Very satisfied,30,Yes
350,200-999,Male,52,White,210,14,No,Intellectual Property,United States,Other (Please specify),Other,Yes,Equity,551939 ,7,600,1140,Very satisfied,23,Yes
26,Under 200,Female,42,White,6,4,No,International Arbitration,Western Europe,,Other,Yes,Nonequity,555000 ,15,425,1300,Somewhat satisfied,,No
1000,1000 or more,Female,60,White,200,22,Yes,Employment,United States,Other (Please specify),University of South Carolina,Yes,Equity,570000 ,8,625,1500,Somewhat satisfied,2,Yes
1700,1000 or more,Male,39,White,800,6,No,Mergers & Acquisitions,United States,Charlotte,Other,Yes,Nonequity,570000 ,9,685,1950,Somewhat satisfied,,No
100,Under 200,Male,46,White,1,8,No,Intellectual Property,United States,Other (Please specify),Other,No,,575000 ,10,775,2100,Somewhat satisfied,,Yes
1900,1000 or more,Female,45,White,1000,8,No,Product Liability,United States,Atlanta,Boston University,Yes,Nonequity,580000 ,9,790,2050,Somewhat satisfied,,No
1600,1000 or more,Female,61,White,500,5,Yes,Intellectual Property,United States,Other (Please specify),University of California--Los Angeles,Yes,Nonequity,590000 ,10,715,1500,Somewhat satisfied,,Yes
101,Under 200,Male,64,White,59,8,Yes,Mergers & Acquisitions,United States,Los Angeles,Cornell University,Yes,Equity,600000 ,10,675,1400,Very satisfied,20,Yes
900,200-999,Male,55,White,350,12,Yes,Employment,United States,New York,New York University,Yes,Nonequity,600000 ,9,860,1750,Somewhat satisfied,,Yes
200,200-999,Prefer not to identify,60,Prefer not to identify,60,1,Yes,Trials,United States,Seattle,Other,Yes,Equity,600000 ,8,725,1600,Somewhat dissatisfied,25,No
260,200-999,Male,65,White,108,34,No,General Litigation,United States,Denver,New York University,Yes,Equity,600000 ,8,650,1600,Very satisfied,5,Yes
500,200-999,Male,55,White,250,21,No,Bankruptcy,United States,Other (Please specify),Other,Yes,Equity,600000 ,9,685,1610,Somewhat dissatisfied,15,No
740,200-999,Male,59,White,350,25,No,Banking,North America (non-U.S.),,Other,Yes,Equity,600000 ,6,600,1100,Somewhat satisfied,50,Yes
245,200-999,Male,48,Hispanic,32,14,No,Mergers & Acquisitions,Latin America,,University of Chicago,Yes,Equity,600000 ,12,400,1800,Somewhat satisfied,0,No
180,Under 200,Female,63,White,110,11,Yes,Other (Please specify),North America (non-U.S.),,Other,Yes,Equity,600000 ,6,550,1500,Somewhat satisfied,50,Yes
600,200-999,Male,47,White,300,15,No,Class Action,North America (non-U.S.),,Other,Yes,Equity,600000 ,8,700,1800,Somewhat dissatisfied,40,Yes
300,200-999,Male,60,White,100,20,Yes,Bankruptcy,United States,Chicago,University of Iowa,Yes,Equity,600000 ,8,600,1900,Somewhat satisfied,25,Yes
400,200-999,Female,41,Hispanic,200,8,No,General Litigation,United States,Other (Please specify),Baylor University,Yes,Equity,600000 ,8,595,1246,Very satisfied,100,Yes
150,Under 200,Male,65,White,65,30,Yes,Energy,United States,Other (Please specify),Ohio State University (Moritz),No,,600000 ,8,620,1600,Very satisfied,,Yes
75,Under 200,Male,69,White,55,39,Yes,Mergers & Acquisitions,United States,Houston,University of Texas--Austin,Yes,Equity,600000 ,5,600,1500,Very satisfied,1,Yes
400,200-999,Female,45,White,160,10,Yes,Product Liability,United States,Philadelphia,Other,Yes,Nonequity,600000 ,10,495,1700,Very satisfied,,Yes
360,200-999,Male,52,Prefer not to identify,214,14,No,Intellectual Property,United States,Other (Please specify),Other,Yes,Equity,600000 ,7,600,1156,Somewhat satisfied,5.6,Yes
400,200-999,Female,57,Prefer not to identify,130,4,Yes,Employment,United States,Seattle,University of Washington,Yes,Equity,600000 ,10,565,2100,Very satisfied,1,Yes
105,Under 200,Male,63,White,62,30,No,Other (Please specify),United States,Other (Please specify),Harvard University,No,,600000 ,8,485,750,Very satisfied,,Yes
900,200-999,Male,63,White,200,5,Yes,General Litigation,United States,San Francisco,University of California (Hastings),Yes,Equity,625000 ,10,750,1900,Very satisfied,10,Yes
75,Under 200,Male,51,White,35,16,No,Insurance,United States,New York,University of Pennsylvania (Carey),Yes,Equity,625000 ,9,790,1500,Somewhat satisfied,75,Yes
1500,1000 or more,Male,57,White,455,20,No,Project Finance,United States,"Washington, DC",University of Michigan--Ann Arbor,Yes,Equity,625000 ,10,840,1800,Somewhat satisfied,30,Yes
950,200-999,Male,45,White,400,11,No,General Litigation,United States,Chicago,University of Wisconsin--Madison,No,,630000 ,8,950,2100,Neither satisfied or dissatisfied,,Yes
1400,1000 or more,Female,45,White,600,9,No,Mergers & Acquisitions,United States,Los Angeles,University of California--Los Angeles,Yes,Equity,650000 ,10,850,1650,Somewhat satisfied,45,Yes
175,Under 200,Male,52,White,70,12,No,Other (Please specify),United States,New York,Seton Hall University,Yes,Equity,650000 ,10,625,1900,Somewhat dissatisfied,5,No
900,200-999,Male,58,White,250,23,Yes,Employment,United States,Other (Please specify),Northwestern University (Pritzker),Yes,Equity,650000 ,10,620,1440,Somewhat satisfied,3,Yes
1200,1000 or more,Female,43,Black,700,11,No,Other (Please specify),United States,"Washington, DC",Cornell University,Yes,Equity,650000 ,9,875,1300,Somewhat satisfied,20,Yes
200,200-999,Female,40,White,20,1,No,Appellate,United States,"Washington, DC",Other,No,,650000 ,8,1000,1800,Very satisfied,,No
1200,1000 or more,Male,75,White,550,40,No,Other (Please specify),United States,Seattle,Harvard University,Yes,Equity,650000 ,8,800,1200,Very satisfied,1,Yes
160,Under 200,Female,54,White,88,22,Yes,Mergers & Acquisitions,United States,Boston,Boston University,Yes,Equity,650000 ,8,650,1860,Somewhat dissatisfied,9,Yes
300,200-999,Male,60,White,75,20,No,Environmental,United States,Other (Please specify),Harvard University,Yes,Equity,650000 ,6,530,1600,Somewhat dissatisfied,5,Yes
900,200-999,Prefer not to identify,53,Prefer not to identify,250,6,No,Intellectual Property,United States,Houston,Other,Yes,Equity,650000 ,9,980,2050,Very satisfied,33,No
350,200-999,Male,45,White,170,12,No,Intellectual Property,United States,Chicago,University of Michigan--Ann Arbor,Yes,Nonequity,650000 ,7,925,1600,Very satisfied,,Yes
350,200-999,Male,41,White,250,8,Yes,Class Action,United States,Chicago,Saint Louis University,Yes,Equity,650000 ,8,500,1800,Somewhat satisfied,5,Yes
225,200-999,Male,73,White,160,38,Yes,Other (Please specify),United States,Other (Please specify),University of Florida (Levin),Yes,Equity,660000 ,9,625,1200,Very satisfied,20,Yes
140,Under 200,Male,59,White,90,18,Yes,General Litigation,United States,Chicago,Illinois Institute of Technology (Chicago - Kent),Yes,Equity,675000 ,8,610,1500,Somewhat satisfied,40,Yes
450,200-999,Female,62,White,350,15,Yes,Fintech,United States,Other (Please specify),Northwestern University (Pritzker),Yes,Equity,680000 ,7,635,1500,Very satisfied,20,Yes
700,200-999,Male,55,White,330,6,Yes,Trials,United States,"Washington, DC",University of Chicago,Yes,Equity,680000 ,10,1150,1800,Very dissatisfied,4,No
275,200-999,Male,52,White,85,10,Yes,General Litigation,United States,Other (Please specify),University of Florida (Levin),Yes,Equity,680000 ,8,525,1400,Very satisfied,0,Yes
900,200-999,Male,55,White,400,22,Yes,Insurance,United States,Atlanta,Emory University,Yes,Equity,685000 ,10,240,2500,Very dissatisfied,20,Yes
150,Under 200,Female,55,White,60,15,No,General Litigation,United States,Los Angeles,Other,Yes,Equity,700000 ,8,725,1500,Somewhat dissatisfied,2,Yes
1000,1000 or more,Male,47,White,400,14,No,Employment,United States,Dallas,Southern Methodist University (Dedman),Yes,Equity,700000 ,10,790,1520,Somewhat satisfied,30,Yes
1500,1000 or more,Male,56,White,550,23,No,Intellectual Property,United States,San Francisco,University of California--Davis,Yes,Equity,700000 ,9,1050,1000,Very satisfied,30,Yes
560,200-999,Male,57,White,180,24,No,Product Liability,United States,Other (Please specify),Indiana University--Bloomington (Maurer),Yes,Equity,700000 ,8,400,2400,Very satisfied,4,Yes
450,200-999,Female,50,White,185,17,No,Other (Please specify),Western Europe,,Other,Yes,Equity,700000 ,10,850,1200,Very dissatisfied,20,No
550,200-999,Male,62,White,250,14,Yes,International Trade,United States,"Washington, DC",Georgetown University,Yes,Equity,700000 ,9,850,1300,Somewhat satisfied,30,Yes
800,200-999,Male,66,White,350,38,Yes,Mergers & Acquisitions,United States,Dallas,Harvard University,Yes,Nonequity,700000 ,8,975,1800,Neither satisfied or dissatisfied,,Yes
166,Under 200,Male,57,White,80,21,No,Employment,United States,Other (Please specify),Harvard University,Yes,Equity,700000 ,10,670,1200,Very satisfied,0,Yes
950,200-999,Male,50,White,350,13,Yes,Energy,United States,New York,St. John's University,Yes,Equity,700000 ,9,1000,1400,Somewhat satisfied,30,Yes
350,200-999,Male,62,White,113,15,Yes,General Litigation,United States,San Francisco,Georgetown University,Yes,Equity,700000 ,8,725,1200,Somewhat satisfied,20,Yes
105,Under 200,Male,67,White,40,37,Yes,Intellectual Property,United States,"Washington, DC",George Washington University,Yes,Equity,720000 ,9,730,1750,Neither satisfied or dissatisfied,18,Yes
900,200-999,Male,47,White,375,5,No,Tax,United States,Atlanta,Other,Yes,Equity,725000 ,9,625,2050,Very satisfied,33,Yes
230,200-999,Male,53,White,95,15,Yes,Insurance,United States,Philadelphia,Temple University (Beasley),Yes,Equity,725000 ,10,725,1950,Somewhat satisfied,5,No
50,Under 200,Male,44,White,20,10,No,Real Estate,United States,Los Angeles,University of California (Hastings),Yes,Equity,727000 ,10,525,2100,Somewhat dissatisfied,0,Yes
1200,1000 or more,Female,57,White,600,20,Yes,Employment,United States,New York,"Rutgers, The State University of New Jersey",Yes,Equity,745000 ,12,745,1250,Somewhat satisfied,7,Yes
2500,1000 or more,Prefer not to identify,45,Prefer not to identify,750,7,No,Technology,United States,"Washington, DC",University of Pennsylvania (Carey),Yes,Nonequity,750000 ,8,1050,1900,Neither satisfied or dissatisfied,,Yes
800,200-999,Male,73,White,275,13,Yes,Real Estate,United States,Other (Please specify),University of Pennsylvania (Carey),Yes,Equity,750000 ,10,875,1600,Neither satisfied or dissatisfied,10,Yes
1300,1000 or more,Female,61,White,800,13,Yes,Private Equity,United States,Chicago,Other,Yes,Equity,750000 ,9,1010,1438,Somewhat satisfied,3,Yes
295,200-999,Male,46,Asian,110,12,No,Intellectual Property,United States,Chicago,Boston College,Yes,Equity,750000 ,8,795,1100,Somewhat satisfied,5,Yes
550,200-999,Male,54,White,185,20,No,Product Liability,Western Europe,,Georgetown University,Yes,Equity,750000 ,8,750,2050,Neither satisfied or dissatisfied,5,Yes
340,200-999,Female,57,White,180,10,No,Health Care,United States,Other (Please specify),Georgetown University,Yes,Equity,750000 ,8,565,1200,Very satisfied,0,Yes
750,200-999,Male,61,White,230,18,No,Other (Please specify),United States,Other (Please specify),University of San Diego,Yes,Equity,750000 ,8,650,2250,Very satisfied,1,Yes
900,200-999,Male,58,White,175,25,Yes,Mergers & Acquisitions,United States,Chicago,University of Illinois--Urbana - Champaign,Yes,Equity,750000 ,9,1025,1400,Somewhat satisfied,20,Yes
2000,1000 or more,Female,39,Prefer not to identify,1100,6,No,International Trade,United States,"Washington, DC",Georgetown University,Yes,Nonequity,750000 ,9,950,1950,Somewhat satisfied,,Yes
310,200-999,Male,40,White,200,4,No,Tax,United States,Other (Please specify),University of Florida (Levin),Yes,Equity,750000 ,8,500,1750,Very satisfied,0,Yes
2200,1000 or more,Female,48,White,800,10,Yes,Cybersecurity & Privacy,United States,San Francisco,Northeastern University,Yes,Nonequity,770000 ,9,925,1900,Somewhat satisfied,,Yes
140,Under 200,Male,59,White,50,25,Yes,Mergers & Acquisitions,United States,Other (Please specify),University of Connecticut,Yes,Equity,785000 ,10,680,1400,Very satisfied,2,Yes
900,200-999,Male,41,Asian,400,9,No,Employment,United States,San Francisco,"Rutgers, The State University of New Jersey",Yes,Equity,790000 ,8,575,2100,Somewhat satisfied,33,Yes
275,200-999,Male,58,White,120,23,Yes,Other (Please specify),United States,Other (Please specify),Vanderbilt University,Yes,Equity,790000 ,7,600,1500,Very satisfied,5,Yes
2400,1000 or more,Male,74,White,900,35,Yes,Appellate,United States,"Washington, DC",University of Pennsylvania (Carey),Yes,Equity,800000 ,10,1080,2400,Somewhat dissatisfied,2,Yes
1000,1000 or more,Female,65,White,300,31,Yes,Tax,United States,Other (Please specify),Duke University,Yes,Equity,800000 ,10,920,2300,Somewhat satisfied,0,Yes
2400,1000 or more,Male,53,White,1000,12,Yes,Class Action,United States,Philadelphia,Villanova University,Yes,Equity,800000 ,11,765,1750,Somewhat satisfied,2,Yes
350,200-999,Male,64,White,120,10,Yes,Mergers & Acquisitions,United States,Atlanta,Washington and Lee University,Yes,Equity,800000 ,8,650,1550,Very satisfied,10,Yes
1500,1000 or more,Male,49,White,500,16,No,General Litigation,United States,Los Angeles,Cornell University,Yes,Equity,800000 ,10,1040,1800,Somewhat satisfied,28,Yes
225,200-999,Female,55,White,101,22,Yes,Other (Please specify),United States,Other (Please specify),Illinois Institute of Technology (Chicago - Kent),Yes,Equity,800000 ,8,495,2297,Somewhat satisfied,22,Yes
1000,1000 or more,Male,53,White,400,10,Yes,General Litigation,United States,Houston,University of Texas--Austin,Yes,Equity,800000 ,10,800,1200,Very satisfied,80,Yes
160,Under 200,Male,48,White,80,8,Yes,General Litigation,United States,New York,Fordham University,Yes,Equity,800000 ,8,1040,1600,Very dissatisfied,100,Yes
925,200-999,Female,45,White,300,8,No,Class Action,United States,Chicago,University of California--Berkeley,Yes,Equity,800000 ,10,815,2391,Somewhat satisfied,32,Yes
400,200-999,Male,41,White,170,8,No,Intellectual Property,United States,Atlanta,University of Chicago,Yes,Equity,800000 ,7,910,1600,Somewhat satisfied,8,Yes
1500,1000 or more,Male,50,White,500,15,No,General Litigation,North America (non-U.S.),,Cornell University,Yes,Equity,800000 ,10,1000,1700,Somewhat satisfied,30,Yes
650,200-999,Male,63,White,300,3,Yes,Benefits,United States,Philadelphia,University of Pennsylvania (Carey),Yes,Equity,800000 ,8,975,1400,Very satisfied,40,Yes
1200,1000 or more,Male,45,White,600,8,No,Product Liability,United States,Other (Please specify),William & Mary Law School,Yes,Equity,800000 ,10,695,2000,Somewhat satisfied,0,Yes
450,200-999,Male,57,White,150,15,Yes,Other (Please specify),United States,"Washington, DC",Georgetown University,Yes,Nonequity,800000 ,8,1335,2200,Very dissatisfied,,No
45,Under 200,Male,62,White,8,25,Yes,Insurance,United States,Other (Please specify),Georgetown University,Yes,Equity,800000 ,7,825,1000,Somewhat satisfied,0,Yes
950,200-999,Female,46,Asian,320,4,No,White Collar,United States,"Washington, DC",Columbia University,Yes,Equity,800000 ,10,1035,1850,Somewhat dissatisfied,15,No
180,Under 200,Male,48,White,75,10,No,General Litigation,United States,Other (Please specify),Other,Yes,Equity,820000 ,10,745,1700,Very satisfied,1,Yes
1126,1000 or more,Male,52,White,450,8,No,Other (Please specify),United States,"Washington, DC",American University (Washington),Yes,Equity,825000 ,8,1225,1400,Very dissatisfied,25,No
401,200-999,Male,61,White,182,25,Yes,Intellectual Property,United States,"Washington, DC",George Washington University,Yes,Equity,825000 ,10,650,1500,Somewhat satisfied,25,Yes
280,200-999,Male,77,White,200,7,Yes,White Collar,United States,Miami,University of Wisconsin--Madison,Yes,Equity,825000 ,7,1050,750,Very satisfied,7,Yes
750,200-999,Male,65,White,400,4,Yes,General Litigation,United States,Charlotte,University of North Carolina--Chapel Hill,Yes,Equity,850000 ,8,475,2100,Somewhat satisfied,40,No
186,Under 200,Nonbinary,66,Native Hawaiian or Pacific Islander,57,8,No,Banking,United States,New York,Brigham Young University (Clark),Yes,Equity,867250 ,17,499,2800,Very dissatisfied,33,Yes
170,Under 200,Male,72,White,40,5,Yes,Tax,United States,Other (Please specify),New York University,Yes,Equity,870000 ,6,880,1400,Very satisfied,7,Yes
65,Under 200,Male,56,Mixed race,21,12,No,Intellectual Property,United States,Other (Please specify),Seton Hall University,Yes,Equity,875000 ,8,560,2300,Very satisfied,20,Yes
1600,1000 or more,Male,58,White,450,12,No,Appellate,United States,"Washington, DC",Yale University,Yes,Equity,875000 ,8,1070,1750,Very dissatisfied,50,No
800,200-999,Male,38,White,350,5,No,Employment,United States,San Francisco,Duke University,Yes,Equity,900000 ,9,700,1850,Very satisfied,30,Yes
800,200-999,Female,49,White,400,15,No,International Trade,Western Europe,,Pennsylvania State University--Carlisle (Dickinson),Yes,Equity,900000 ,8,875,2000,Somewhat satisfied,25,Yes
1000,1000 or more,Male,50,Hispanic,500,6,No,Capital Markets,Latin America,,Other,Yes,Equity,900000 ,8,460,1900,Somewhat satisfied,70,Yes
140,Under 200,Male,67,White,65,30,No,Tax,United States,Houston,University of Texas--Austin,Yes,Equity,900000 ,8,850,1500,Somewhat satisfied,5,Yes
90,Under 200,Female,51,Prefer not to identify,45,15,Yes,General Litigation,United States,Boston,Arizona State University (O'Connor),Yes,Equity,900000 ,8,1000,1800,Very dissatisfied,0,Yes
45,Under 200,Male,45,White,24,14,No,Insurance,United States,Other (Please specify),Louisiana State University--Baton Rouge (Hebert),Yes,Equity,930000 ,9,250,2000,Very satisfied,21,Yes
350,200-999,Male,47,White,102,9,No,Intellectual Property,United States,New York,Other,Yes,Nonequity,975000 ,10,1050,1800,Very dissatisfied,,Yes
2500,1000 or more,Male,53,White,950,12,Yes,Product Liability,United States,Philadelphia,Villanova University,Yes,Equity,975000 ,10,765,1700,Somewhat satisfied,2,Yes
2000,1000 or more,Male,45,Hispanic,900,13,No,General Litigation,United States,Miami,Harvard University,Yes,Equity,975000 ,8,845,1800,Somewhat satisfied,20,No
65,Under 200,Male,54,White,46,18,No,Intellectual Property,United States,Minneapolis,Other,No,,980000 ,7.5,535,2315,Somewhat satisfied,,Yes
2000,1000 or more,Male,58,White,800,15,No,Insurance,United States,New York,University of Washington,Yes,Equity,995000 ,10,1200,1200,Somewhat satisfied,5,Yes
130,Under 200,Male,55,White,80,13,Yes,Environmental,United States,San Francisco,University of California--Davis,No,,1000000 ,9,835,1650,Very satisfied,,Yes
275,200-999,Male,65,White,140,21,Yes,Intellectual Property,United States,Chicago,Loyola University Chicago,Yes,Equity,1000000 ,8,715,2000,Very satisfied,10,Yes
800,200-999,Female,40,Asian,250,4,No,Tax,United States,San Francisco,Northwestern University (Pritzker),Yes,Equity,1000000 ,9,1010,1800,Very satisfied,5,Yes
600,200-999,Male,64,White,250,33,Yes,General Litigation,United States,Denver,University of Utah (Quinney),No,,1000000 ,9,740,2700,Somewhat satisfied,,No
925,200-999,Male,70,White,225,22,Yes,Immigration,United States,Los Angeles,Wayne State University,Yes,Equity,1000000 ,7,1240,727,Somewhat dissatisfied,28,Yes
600,200-999,Male,37,Asian,150,4,Yes,Tax,United States,New York,Harvard University,Yes,Equity,1000000 ,8,1400,1700,Somewhat satisfied,4,Yes
42,Under 200,Male,76,White,14,39,No,General Litigation,United States,Los Angeles,Harvard University,Yes,Equity,1000000 ,9,825,1800,Very satisfied,0,Yes
200,200-999,Male,55,White,30,20,No,Energy,United States,Dallas,University of Missouri,Yes,Equity,1000000 ,8,750,2000,Neither satisfied or dissatisfied,0,Yes
1900,1000 or more,Male,52,White,400,5,Yes,Energy,Western Europe,,Other,Yes,Equity,1000000 ,7,900,1800,Somewhat dissatisfied,7,Yes
400,200-999,Male,54,White,56,5,No,Securities,United States,Chicago,Boston College,Yes,Nonequity,1000000 ,12,500,2000,Very satisfied,,Yes
2000,1000 or more,Male,43,White,650,10,No,Mergers & Acquisitions,United States,Chicago,Harvard University,Yes,Equity,1075000 ,9,1125,1625,Somewhat satisfied,20,Yes
500,200-999,Prefer not to identify,55,White,250,19,No,Banking,United States,"Washington, DC",Boston College,Yes,Equity,1080000 ,7,650,1800,Somewhat satisfied,30,No
1100,1000 or more,Male,49,White,400,15,Yes,Securities,United States,Other (Please specify),University of Texas--Austin,Yes,Equity,1100000 ,10,1050,1900,Very satisfied,15,Yes
2400,1000 or more,Female,43,White,600,5,No,International Arbitration,Western Europe,,New York University,Yes,Equity,1100000 ,9,900,2350,Somewhat satisfied,10,Yes
1400,1000 or more,Male,57,Hispanic,600,24,No,General Litigation,United States,Miami,University of Miami,Yes,Equity,1100000 ,10,950,1700,Very satisfied,36,Yes
3500,1000 or more,Male,52,White,850,25,Yes,Trials,United States,Houston,University of Chicago,Yes,Equity,1100000 ,9,750,1500,Somewhat satisfied,40,Yes
25,Under 200,Prefer not to identify,60,Mixed race,7,11,No,Intellectual Property,United States,Dallas,University of Southern California (Could),No,,1100000 ,10,850,2600,Very satisfied,,Yes
27,Under 200,Male,55,White,11,6,No,Health Care,United States,Los Angeles,Other,Yes,Equity,1100000 ,7,350,2300,Very satisfied,10,Yes
27,Under 200,Male,55,White,10,6,No,Medical Malpractice,United States,Los Angeles,Other,Yes,Equity,1100000 ,7,350,2300,Very satisfied,10,Yes
1100,1000 or more,Male,43,White,500,7,No,Other (Please specify),United States,Atlanta,Georgia State University,Yes,Nonequity,1150000 ,9,900,2200,Very satisfied,,Yes
2200,1000 or more,Male,45,White,900,10,Yes,Class Action,United States,Los Angeles,University of Colorado--Boulder,Yes,Equity,1200000 ,10,1090,2400,Somewhat dissatisfied,5,Yes
1200,1000 or more,Male,49,White,550,14,Yes,Banking,United States,New York,Other,Yes,Equity,1200000 ,10,1050,1200,Neither satisfied or dissatisfied,35,Yes
320,200-999,Male,55,White,45,19,No,International Arbitration,Western Europe,,Other,Yes,Equity,1200000 ,10,700,1400,Very satisfied,25,Yes
186,Under 200,Female,60,White,100,10,Yes,General Litigation,United States,Other (Please specify),Other,No,,1200000 ,7,500,2100,Somewhat satisfied,,Yes
900,200-999,Male,44,White,200,8,No,Employment,United States,Boston,Georgetown University,Yes,Equity,1200000 ,8,750,2100,Very satisfied,29,Yes
2000,1000 or more,Male,60,White,600,20,No,Intellectual Property,United States,Los Angeles,Other,Yes,Equity,1200000 ,11,850,1800,Very satisfied,57.5,Yes
800,200-999,Male,61,White,400,18,No,Intellectual Property,Western Europe,,Other,Yes,Equity,1200000 ,8,680,1600,Somewhat satisfied,8,Yes
700,200-999,Male,60,White,290,30,No,Trials,United States,Houston,Harvard University,Yes,Equity,1200000 ,8,750,1800,Somewhat satisfied,5,Yes
6000,1000 or more,Male,55,White,300,20,No,Tax,Western Europe,,Other,Yes,Equity,1200000 ,12,900,1650,Somewhat satisfied,10,Yes
2300,1000 or more,Male,45,White,900,10,Yes,Class Action,United States,Los Angeles,University of Colorado--Boulder,Yes,Equity,1200000 ,10,1095,2376,Somewhat dissatisfied,0,No
750,200-999,Male,58,White,215,26,No,Insurance,United States,Philadelphia,Villanova University,Yes,Equity,1200000 ,8,675,546,Somewhat satisfied,0,Yes
300,200-999,Male,47,White,90,12,Yes,Real Estate,United States,Other (Please specify),Florida State University,Yes,Equity,1200000 ,8,585,2100,Very satisfied,0,Yes
2300,1000 or more,Male,55,White,1000,20,Yes,Employment,United States,Philadelphia,University of Minnesota,Yes,Equity,1200000 ,10,795,2050,Somewhat satisfied,75,Yes
123,Under 200,Nonbinary,79,Black,3,32,Yes,White Collar,Middle East Africa,,Harvard University,Yes,Equity,1234324 ,2,525,289,Very dissatisfied,100,Yes
1500,1000 or more,Female,51,White,300,18,No,Employment,United States,Denver,University of Texas--Austin,Yes,Equity,1250000 ,10,1290,1600,Very satisfied,0,Yes
190,Under 200,Female,67,White,90,22,No,Health Care,United States,Philadelphia,Villanova University,Yes,Equity,1250000 ,7,730,2100,Very satisfied,0,Yes
800,200-999,Male,50,White,200,6,No,Securities,United States,"Washington, DC",Other,Yes,Equity,1300000 ,10,1025,2050,Neither satisfied or dissatisfied,0,Yes
950,200-999,Male,52,White,250,11,Yes,Government Contracts,United States,"Washington, DC",George Washington University,Yes,Equity,1300000 ,9,865,1680,Somewhat satisfied,20,Yes
1000,1000 or more,Female,58,White,400,26,Yes,Real Estate,United States,San Francisco,Harvard University,No,,1350000 ,8,885,1800,Very satisfied,,Yes
800,200-999,Female,67,White,325,15,No,Banking,United States,New York,New York University,No,,1400000 ,10,1325,1322,Very satisfied,,Yes
320,200-999,Male,56,White,130,15,Yes,Employment,United States,Chicago,University of Michigan--Ann Arbor,Yes,Equity,1400000 ,10,705,2570,Somewhat satisfied,20,Yes
190,Under 200,Male,49,White,110,13,No,Mergers & Acquisitions,North America (non-U.S.),,Other,No,,1400000 ,6,900,1400,Very satisfied,,Yes
500,200-999,Male,66,White,200,31,Yes,Appellate,North America (non-U.S.),,Other,Yes,Equity,1400000 ,7,900,2000,Somewhat satisfied,0,No
55,Under 200,Male,45,White,16,7,No,Other (Please specify),United States,New York,Other,Yes,Equity,1450000 ,8,985,2200,Neither satisfied or dissatisfied,0,Yes
550,200-999,Male,52,White,200,20,No,Media & Entertainment,United States,Los Angeles,University of California--Berkeley,Yes,Equity,1500000 ,10,820,1400,Very satisfied,20,Yes
800,200-999,Male,62,White,250,25,Yes,Capital Markets,United States,New York,New York University,Yes,Equity,1500000 ,10,950,1800,Neither satisfied or dissatisfied,4,Yes
400,200-999,Male,59,White,110,11,Yes,Transportation,United States,Los Angeles,Other,Yes,Equity,1500000 ,10,815,1400,Very satisfied,33,Yes
925,200-999,Male,48,White,400,13,No,Employment,United States,Atlanta,Other,Yes,Equity,1500000 ,9,990,1600,Somewhat satisfied,4,Yes
1300,1000 or more,Male,71,White,900,2,Yes,Real Estate,United States,"Washington, DC",Other,Yes,Nonequity,1500000 ,7,1300,1000,Very satisfied,,Yes
125,Under 200,Male,45,White,45,12,No,Class Action,United States,"Washington, DC",George Washington University,Yes,Equity,1500000 ,8,775,2000,Somewhat satisfied,10,No
50,Under 200,Male,55,White,20,25,No,International Trade,United States,Houston,University of Houston,Yes,Equity,1500000 ,15,750,2000,Very satisfied,10,Yes
950,200-999,Female,65,White,420,28,Yes,Employment,United States,Los Angeles,Vanderbilt University,Yes,Equity,1516000 ,9,1075,1862,Very satisfied,0,Yes
1100,1000 or more,Male,56,White,260,13,Yes,Real Estate,United States,Chicago,Northwestern University (Pritzker),Yes,Equity,1550000 ,10,1350,2050,Very dissatisfied,35,No
1300,1000 or more,Male,56,White,650,23,No,Health Care,United States,Chicago,Washington University in St. Louis,Yes,Equity,1600000 ,8,800,1900,Somewhat satisfied,20,Yes
1900,1000 or more,Male,50,Prefer not to identify,800,11,Yes,Transportation,United States,"Washington, DC",Harvard University,Yes,Equity,1675000 ,10,1250,2050,Somewhat satisfied,5,Yes
1000,1000 or more,Male,47,Asian,250,13,No,Intellectual Property,United States,San Francisco,Columbia University,Yes,Equity,1700000 ,9,1275,2100,Somewhat satisfied,50,Yes
1175,1000 or more,Male,56,White,475,18,Yes,White Collar,United States,New York,Other,Yes,Equity,1700000 ,9,1100,1650,Somewhat satisfied,35,Yes
1500,1000 or more,Male,59,White,400,26,Yes,Bankruptcy,United States,Other (Please specify),University of Pennsylvania (Carey),Yes,Equity,1700000 ,10,1240,1950,Somewhat satisfied,24,Yes
950,200-999,Male,40,White,300,5,No,General Litigation,United States,Philadelphia,"Rutgers, The State University of New Jersey",Yes,Equity,1750000 ,8,595,3000,Somewhat satisfied,2,Yes
155,Under 200,Male,62,Hispanic,44,28,Yes,Energy,United States,Houston,University of Houston,Yes,Equity,1750000 ,8,1085,500,Somewhat satisfied,33,Yes
900,200-999,Male,59,White,190,23,No,Employment,United States,Chicago,University of North Carolina--Chapel Hill,Yes,Equity,1775000 ,8,785,1625,Very satisfied,34,Yes
101,Under 200,Male,58,White,70,22,Yes,Intellectual Property,United States,"Washington, DC",George Mason University,Yes,Equity,1800000 ,10,600,2200,Somewhat dissatisfied,5,No
1000,1000 or more,Female,57,White,300,16,No,Environmental,United States,"Washington, DC",George Washington University,Yes,Equity,1800000 ,10,1400,1845,Somewhat dissatisfied,5,Yes
2000,1000 or more,Male,47,White,900,6,Yes,Banking,United States,Miami,Georgetown University,Yes,Equity,1850000 ,9,650,1700,Somewhat satisfied,2,No
3000,1000 or more,Female,57,White,800,25,No,General Litigation,United States,"Washington, DC",University of California--Los Angeles,Yes,Equity,1900000 ,8,1000,1950,Very satisfied,5,Yes
1000,1000 or more,Prefer not to identify,56,Prefer not to identify,350,12,Yes,General Litigation,United States,San Francisco,University of California--Berkeley,Yes,Equity,1950000 ,8,1095,1750,Somewhat satisfied,30,Yes
950,1000 or more,Female,44,Hispanic,250,9,No,Employment,United States,San Francisco,Boston University,Yes,Equity,1950000 ,7,695,1750,Very satisfied,29,Yes
4000,1000 or more,Male,54,White,750,19,No,Private Equity,United States,Chicago,Northwestern University (Pritzker),Yes,Equity,1950000 ,8,1100,1590,Neither satisfied or dissatisfied,8,Yes
1400,1000 or more,Male,43,White,400,6,No,General Litigation,United States,San Francisco,Other,Yes,Equity,2000000 ,9,1250,2200,Very satisfied,1,Yes
1100,1000 or more,Male,59,White,200,10,No,Tax,United States,Los Angeles,University of Florida (Levin),Yes,Equity,2000000 ,10,1285,1904,Somewhat satisfied,20,Yes
300,200-999,Male,46,American Indian or Alaska Native,130,8,Yes,Employment,United States,Los Angeles,Georgetown University,Yes,Equity,2000000 ,10,725,2400,Somewhat dissatisfied,3,Yes
1300,1000 or more,Male,59,White,600,22,Yes,Health Care,United States,"Washington, DC",Georgetown University,Yes,Equity,2100000 ,9,1230,1950,Very satisfied,20,Yes
350,200-999,Female,50,Asian,100,9,Yes,Intellectual Property,United States,San Francisco,Other,Yes,Equity,2100000 ,10,1000,2000,Neither satisfied or dissatisfied,15,Yes
350,200-999,Male,57,White,85,22,No,General Litigation,United States,New York,Cornell University,Yes,Equity,2200000 ,10,1410,1600,Somewhat satisfied,,Yes
300,200-999,Male,76,White,150,48,No,Other (Please specify),United States,Other (Please specify),Harvard University,Yes,Equity,2200000 ,8,700,500,Very satisfied,30,Yes
125,Under 200,Male,46,White,50,8,Yes,Intellectual Property,United States,"Washington, DC",Other,Yes,Equity,2200000 ,8,860,2150,Somewhat satisfied,25,Yes
550,200-999,Male,53,Asian,220,16,No,Other (Please specify),United States,Dallas,Georgetown University,Yes,Equity,2250000 ,9,1100,2500,Somewhat satisfied,0,Yes
1100,1000 or more,Male,52,White,300,18,No,Commercial Contracts,United States,New York,Harvard University,Yes,Equity,2300000 ,8,1430,2000,Somewhat satisfied,10,Yes
1900,1000 or more,Male,50,White,350,2,Yes,Tax,United States,New York,Georgetown University,No,,2400000 ,10,1300,2200,Somewhat satisfied,,Yes
1400,1000 or more,Female,36,Asian,385,4,No,Mergers & Acquisitions,United States,New York,University of Michigan--Ann Arbor,Yes,Equity,2400000 ,8,1295,2450,Very satisfied,2,Yes
3400,1000 or more,Female,58,White,860,27,No,Other (Please specify),United States,Chicago,Other,Yes,Equity,2400000 ,10,1490,1956,Very satisfied,100,Yes
1200,1000 or more,Male,52,White,500,15,No,International Arbitration,United States,Houston,University of Houston,Yes,Equity,2500000 ,10,900,1800,Very satisfied,20,Yes
1100,1000 or more,Male,51,Asian,380,20,Yes,Tax,United States,Chicago,Loyola University Chicago,Yes,Equity,2500000 ,11,1150,2050,Very satisfied,30,Yes
1000,1000 or more,Female,45,White,140,13,No,Banking,United States,Dallas,Other,Yes,Equity,2500000 ,8,1400,1800,Very satisfied,5,Yes
130,Under 200,Male,54,White,60,21,Yes,Mergers & Acquisitions,United States,Boston,University of Connecticut,Yes,Equity,2800000 ,8,775,1600,Very satisfied,15,Yes
2500,1000 or more,Male,64,White,550,31,No,Project Finance,Middle East Africa,,Other,Yes,Equity,3000000 ,10,1400,1000,Very satisfied,0,Yes
950,200-999,Female,39,White,160,4,No,Employment,United States,New York,Georgetown University,Yes,Equity,3000000 ,8,1650,2000,Very satisfied,0,Yes
225,200-999,Female,56,White,110,20,Yes,Product Liability,United States,New York,Boston University,Yes,Equity,3000000 ,10,300,2500,Very satisfied,5,Yes
1250,1000 or more,Male,60,White,600,25,No,Health Care,United States,Los Angeles,University of Southern California (Could),Yes,Equity,3200000 ,7,1395,1700,Very satisfied,25,Yes
1450,1000 or more,Male,72,White,659,9,Yes,Real Estate,United States,New York,Columbia University,Yes,Equity,3500000 ,9,1150,2050,Very satisfied,33,Yes
1000,1000 or more,Male,60,Hispanic,350,29,No,Trials,United States,San Francisco,Other,Yes,Equity,3600000 ,9,1500,1700,Very satisfied,35,Yes
800,200-999,Female,50,White,250,15,No,White Collar,United States,"Washington, DC",Harvard University,Yes,Equity,3700000 ,9,1300,2300,Very satisfied,1.5,Yes
900,200-999,Male,53,White,250,20,No,Class Action,United States,New York,Other,Yes,Equity,4000000 ,10,1375,1800,Very satisfied,50,Yes
2200,1000 or more,Male,58,Prefer not to identify,1000,25,No,Real Estate,United States,New York,American University (Washington),Yes,Equity,4000000 ,10,1310,1500,Very satisfied,0,Yes
1200,1000 or more,Male,59,White,300,25,Yes,Private Equity,United States,New York,Other,Yes,Equity,4000000 ,9,1475,1500,Somewhat satisfied,0,Yes
2800,1000 or more,Prefer not to identify,57,Prefer not to identify,700,13,No,Intellectual Property,United States,"Washington, DC",University of Chicago,Yes,Equity,5000000 ,10,1225,1900,Somewhat satisfied,25,Yes
1200,1000 or more,Male,70,White,260,21,Yes,Health Care,United States,Boston,Boston College,Yes,Equity,5500000 ,8,1470,900,Very satisfied,20,Yes
850,200-999,Male,46,White,160,14,No,Bankruptcy,United States,"Washington, DC",University of Denver (Sturm),Yes,Equity,6200000 ,9,1695,2600,Very satisfied,6,Yes
850,200-999,Male,47,White,170,14,No,Bankruptcy,United States,"Washington, DC",Harvard University,Yes,Equity,6200000 ,9,1615,2600,Very satisfied,6,Yes
700,200-999,Female,39,White,400,5,No,Product Liability,United States,Other (Please specify),Boston University,Yes,Equity,12000000 ,7,575,3000,Somewhat satisfied,10,No
200,200-999,Female,44,Asian,85,8,No,Intellectual Property,United States,San Francisco,University of California--Berkeley,Yes,Equity,,8,1095,1758,Very satisfied,0,No
2500,1000 or more,Male,33,White,400,2,No,Insurance,Middle East Africa,,Other,Yes,Nonequity,,9,205,1738,Somewhat dissatisfied,,Yes
110,Under 200,Male,71,Prefer not to identify,60,15,No,General Litigation,United States,Other (Please specify),University of Nebraska--Lincoln,No,,,6,170,1200,Somewhat dissatisfied,,Yes
500,200-999,Prefer not to identify,59,Prefer not to identify,300,25,Yes,General Litigation,United States,Atlanta,University of Georgia,Yes,Equity,,10,550,800,Somewhat dissatisfied,0,Yes
200,200-999,Male,28,White,29,5,No,Mergers & Acquisitions,Latin America,,Other,No,,,20,125,1680,Somewhat dissatisfied,,No
135,Under 200,Male,67,White,65,35,No,Mergers & Acquisitions,United States,Other (Please specify),University of Iowa,Yes,Equity,,7,500,1875,Very satisfied,1,Yes
300,200-999,Male,68,White,100,30,Yes,White Collar,United States,New York,Other,Yes,Equity,,8,925,1600,Very satisfied,5,Yes
155,Under 200,Male,60,Mixed race,45,12,No,Transportation,United States,Los Angeles,University of California--Los Angeles,Yes,Equity,,10,920,1700,Somewhat satisfied,15,Yes
1500,1000 or more,Prefer not to identify,49,Prefer not to identify,300,8,Yes,Other (Please specify),United States,Chicago,Other,Yes,Equity,,10,1200,2300,Somewhat dissatisfied,20,Yes
170,Under 200,Female,46,White,80,9,No,Real Estate,United States,San Francisco,University of Michigan--Ann Arbor,Yes,Nonequity,,7,525,100,Neither satisfied or dissatisfied,,No